training_site,target_site,r2_sklearn,r2_pearson,training_IGBP,training_koppen,target_IGBP,target_koppen
US-xAB,US-xAB,0.76,0.76,ENF,Temperate,ENF,Temperate
US-xAB,US-xAE,-12.61,0.41,ENF,Temperate,GRA,Temperate
US-xAB,US-xBL,0.42,0.53,ENF,Temperate,DBF,Cold
US-xAB,US-xBN,-1.6,0.14,ENF,Temperate,ENF,Cold
US-xAB,US-xBR,0.66,0.68,ENF,Temperate,DBF,Cold
US-xAB,US-xCL,-2.58,0.24,ENF,Temperate,GRA,Temperate
US-xAB,US-xCP,-15.31,0.29,ENF,Temperate,GRA,Arid
US-xAB,US-xDC,0.56,0.58,ENF,Temperate,GRA,Cold
US-xAB,US-xDJ,0.59,0.71,ENF,Temperate,ENF,Cold
US-xAB,US-xDL,-0.45,0.08,ENF,Temperate,MF,Temperate
US-xAB,US-xDS,-22.33,0.05,ENF,Temperate,CVM,Temperate
US-xAB,US-xGR,0.5,0.54,ENF,Temperate,DBF,Temperate
US-xAB,US-xHA,-6.5,0.06,ENF,Temperate,DBF,Cold
US-xAB,US-xHE,-4.61,0.15,ENF,Temperate,OSH,Cold
US-xAB,US-xJE,-0.65,0.14,ENF,Temperate,ENF,Temperate
US-xAB,US-xJR,-1211.6,0.0,ENF,Temperate,OSH,Arid
US-xAB,US-xKA,-3.65,0.52,ENF,Temperate,GRA,Cold
US-xAB,US-xKZ,-0.09,0.47,ENF,Temperate,GRA,Cold
US-xAB,US-xMB,-140.63,0.24,ENF,Temperate,OSH,Arid
US-xAB,US-xML,0.47,0.63,ENF,Temperate,DBF,Cold
US-xAB,US-xNG,-0.04,0.54,ENF,Temperate,GRA,Cold
US-xAB,US-xNQ,-65.24,0.28,ENF,Temperate,OSH,Arid
US-xAB,US-xNW,-2.01,0.34,ENF,Temperate,ENF,Cold
US-xAB,US-xRM,0.1,0.71,ENF,Temperate,ENF,Cold
US-xAB,US-xRN,0.19,0.21,ENF,Temperate,DBF,Temperate
US-xAB,US-xSB,-1.7,0.41,ENF,Temperate,ENF,Temperate
US-xAB,US-xSC,-2.18,0.54,ENF,Temperate,DBF,Cold
US-xAB,US-xSE,-0.8,0.3,ENF,Temperate,DBF,Temperate
US-xAB,US-xSJ,-0.7,0.05,ENF,Temperate,SAV,Temperate
US-xAB,US-xSL,-59.66,0.61,ENF,Temperate,CRO,Arid
US-xAB,US-xSR,-20.86,0.19,ENF,Temperate,OSH,Arid
US-xAB,US-xST,0.79,0.83,ENF,Temperate,DBF,Cold
US-xAB,US-xTA,0.3,0.3,ENF,Temperate,ENF,Temperate
US-xAB,US-xTL,-8.56,0.38,ENF,Temperate,WET,Cold
US-xAB,US-xTR,0.65,0.65,ENF,Temperate,DBF,Cold
US-xAB,US-xUK,0.46,0.49,ENF,Temperate,DBF,Cold
US-xAB,US-xUN,0.63,0.78,ENF,Temperate,MF,Cold
US-xAB,US-xWD,-0.49,0.48,ENF,Temperate,GRA,Cold
US-xAB,US-xWR,0.04,0.39,ENF,Temperate,ENF,Cold
US-xAB,US-xYE,0.26,0.49,ENF,Temperate,ENF,Cold
US-xAE,US-xAB,-2.29,0.35,GRA,Temperate,ENF,Temperate
US-xAE,US-xAE,0.89,0.89,GRA,Temperate,GRA,Temperate
US-xAE,US-xBL,-1.28,0.4,GRA,Temperate,DBF,Cold
US-xAE,US-xBN,-2.22,0.03,GRA,Temperate,ENF,Cold
US-xAE,US-xBR,-0.79,0.5,GRA,Temperate,DBF,Cold
US-xAE,US-xCL,-0.37,0.53,GRA,Temperate,GRA,Temperate
US-xAE,US-xCP,0.59,0.6,GRA,Temperate,GRA,Arid
US-xAE,US-xDC,-0.41,0.73,GRA,Temperate,GRA,Cold
US-xAE,US-xDJ,-2.34,0.17,GRA,Temperate,ENF,Cold
US-xAE,US-xDL,-1.02,0.33,GRA,Temperate,MF,Temperate
US-xAE,US-xDS,-0.94,0.09,GRA,Temperate,CVM,Temperate
US-xAE,US-xGR,-0.57,0.55,GRA,Temperate,DBF,Temperate
US-xAE,US-xHA,-34.45,0.22,GRA,Temperate,DBF,Cold
US-xAE,US-xHE,-2.85,0.0,GRA,Temperate,OSH,Cold
US-xAE,US-xJE,-2.12,0.14,GRA,Temperate,ENF,Temperate
US-xAE,US-xJR,-23.81,0.0,GRA,Temperate,OSH,Arid
US-xAE,US-xKA,0.39,0.49,GRA,Temperate,GRA,Cold
US-xAE,US-xKZ,-0.08,0.49,GRA,Temperate,GRA,Cold
US-xAE,US-xMB,-0.54,0.29,GRA,Temperate,OSH,Arid
US-xAE,US-xML,-1.0,0.56,GRA,Temperate,DBF,Cold
US-xAE,US-xNG,-0.59,0.69,GRA,Temperate,GRA,Cold
US-xAE,US-xNQ,0.3,0.46,GRA,Temperate,OSH,Arid
US-xAE,US-xNW,-3.16,0.07,GRA,Temperate,ENF,Cold
US-xAE,US-xRM,-2.12,0.32,GRA,Temperate,ENF,Cold
US-xAE,US-xRN,-1.6,0.18,GRA,Temperate,DBF,Temperate
US-xAE,US-xSB,-3.51,0.08,GRA,Temperate,ENF,Temperate
US-xAE,US-xSC,-0.59,0.53,GRA,Temperate,DBF,Cold
US-xAE,US-xSE,-0.51,0.41,GRA,Temperate,DBF,Temperate
US-xAE,US-xSJ,-1.33,0.0,GRA,Temperate,SAV,Temperate
US-xAE,US-xSL,0.37,0.6,GRA,Temperate,CRO,Arid
US-xAE,US-xSR,0.02,0.12,GRA,Temperate,OSH,Arid
US-xAE,US-xST,-0.08,0.82,GRA,Temperate,DBF,Cold
US-xAE,US-xTA,-1.55,0.33,GRA,Temperate,ENF,Temperate
US-xAE,US-xTL,-7.17,0.0,GRA,Temperate,WET,Cold
US-xAE,US-xTR,-0.54,0.55,GRA,Temperate,DBF,Cold
US-xAE,US-xUK,-0.6,0.53,GRA,Temperate,DBF,Cold
US-xAE,US-xUN,-0.68,0.58,GRA,Temperate,MF,Cold
US-xAE,US-xWD,-0.54,0.47,GRA,Temperate,GRA,Cold
US-xAE,US-xWR,-2.17,0.16,GRA,Temperate,ENF,Cold
US-xAE,US-xYE,-1.26,0.56,GRA,Temperate,ENF,Cold
US-xBL,US-xAB,0.37,0.61,DBF,Cold,ENF,Temperate
US-xBL,US-xAE,-14.59,0.42,DBF,Cold,GRA,Temperate
US-xBL,US-xBL,0.83,0.83,DBF,Cold,DBF,Cold
US-xBL,US-xBN,-0.45,0.34,DBF,Cold,ENF,Cold
US-xBL,US-xBR,0.63,0.69,DBF,Cold,DBF,Cold
US-xBL,US-xCL,-2.7,0.31,DBF,Cold,GRA,Temperate
US-xBL,US-xCP,-14.36,0.3,DBF,Cold,GRA,Arid
US-xBL,US-xDC,0.71,0.72,DBF,Cold,GRA,Cold
US-xBL,US-xDJ,0.48,0.66,DBF,Cold,ENF,Cold
US-xBL,US-xDL,0.53,0.76,DBF,Cold,MF,Temperate
US-xBL,US-xDS,-6.63,0.57,DBF,Cold,CVM,Temperate
US-xBL,US-xGR,0.34,0.61,DBF,Cold,DBF,Temperate
US-xBL,US-xHA,-7.3,0.0,DBF,Cold,DBF,Cold
US-xBL,US-xHE,-1.46,0.29,DBF,Cold,OSH,Cold
US-xBL,US-xJE,0.5,0.66,DBF,Cold,ENF,Temperate
US-xBL,US-xJR,-2437.62,0.0,DBF,Cold,OSH,Arid
US-xBL,US-xKA,-1.24,0.6,DBF,Cold,GRA,Cold
US-xBL,US-xKZ,0.48,0.74,DBF,Cold,GRA,Cold
US-xBL,US-xMB,-182.52,0.26,DBF,Cold,OSH,Arid
US-xBL,US-xML,0.62,0.65,DBF,Cold,DBF,Cold
US-xBL,US-xNG,0.41,0.62,DBF,Cold,GRA,Cold
US-xBL,US-xNQ,-63.19,0.22,DBF,Cold,OSH,Arid
US-xBL,US-xNW,-0.74,0.41,DBF,Cold,ENF,Cold
US-xBL,US-xRM,0.52,0.63,DBF,Cold,ENF,Cold
US-xBL,US-xRN,0.27,0.41,DBF,Cold,DBF,Temperate
US-xBL,US-xSB,-1.83,0.74,DBF,Cold,ENF,Temperate
US-xBL,US-xSC,0.59,0.65,DBF,Cold,DBF,Cold
US-xBL,US-xSE,0.6,0.62,DBF,Cold,DBF,Temperate
US-xBL,US-xSJ,-4.36,0.09,DBF,Cold,SAV,Temperate
US-xBL,US-xSL,-18.39,0.62,DBF,Cold,CRO,Arid
US-xBL,US-xSR,-65.44,0.21,DBF,Cold,OSH,Arid
US-xBL,US-xST,0.88,0.89,DBF,Cold,DBF,Cold
US-xBL,US-xTA,0.54,0.55,DBF,Cold,ENF,Temperate
US-xBL,US-xTL,-0.93,0.59,DBF,Cold,WET,Cold
US-xBL,US-xTR,0.65,0.72,DBF,Cold,DBF,Cold
US-xBL,US-xUK,0.8,0.83,DBF,Cold,DBF,Cold
US-xBL,US-xUN,0.81,0.83,DBF,Cold,MF,Cold
US-xBL,US-xWD,0.32,0.59,DBF,Cold,GRA,Cold
US-xBL,US-xWR,-0.18,0.62,DBF,Cold,ENF,Cold
US-xBL,US-xYE,0.54,0.63,DBF,Cold,ENF,Cold
US-xBN,US-xAB,-1.1,0.16,ENF,Cold,ENF,Temperate
US-xBN,US-xAE,-0.86,0.05,ENF,Cold,GRA,Temperate
US-xBN,US-xBL,-1.52,0.18,ENF,Cold,DBF,Cold
US-xBN,US-xBN,0.73,0.73,ENF,Cold,ENF,Cold
US-xBN,US-xBR,-0.29,0.25,ENF,Cold,DBF,Cold
US-xBN,US-xCL,-1.46,0.03,ENF,Cold,GRA,Temperate
US-xBN,US-xCP,-2.51,0.01,ENF,Cold,GRA,Arid
US-xBN,US-xDC,-0.39,0.17,ENF,Cold,GRA,Cold
US-xBN,US-xDJ,-0.95,0.14,ENF,Cold,ENF,Cold
US-xBN,US-xDL,-0.36,0.35,ENF,Cold,MF,Temperate
US-xBN,US-xDS,-2.58,0.05,ENF,Cold,CVM,Temperate
US-xBN,US-xGR,-1.81,0.02,ENF,Cold,DBF,Temperate
US-xBN,US-xHA,-43.54,0.03,ENF,Cold,DBF,Cold
US-xBN,US-xHE,-0.02,0.43,ENF,Cold,OSH,Cold
US-xBN,US-xJE,-0.75,0.14,ENF,Cold,ENF,Temperate
US-xBN,US-xJR,-919.07,0.02,ENF,Cold,OSH,Arid
US-xBN,US-xKA,-0.39,0.16,ENF,Cold,GRA,Cold
US-xBN,US-xKZ,-0.24,0.15,ENF,Cold,GRA,Cold
US-xBN,US-xMB,-47.77,0.18,ENF,Cold,OSH,Arid
US-xBN,US-xML,-0.49,0.36,ENF,Cold,DBF,Cold
US-xBN,US-xNG,0.02,0.24,ENF,Cold,GRA,Cold
US-xBN,US-xNQ,-24.35,0.01,ENF,Cold,OSH,Arid
US-xBN,US-xNW,-0.11,0.66,ENF,Cold,ENF,Cold
US-xBN,US-xRM,-1.12,0.05,ENF,Cold,ENF,Cold
US-xBN,US-xRN,0.13,0.29,ENF,Cold,DBF,Temperate
US-xBN,US-xSB,-0.97,0.12,ENF,Cold,ENF,Temperate
US-xBN,US-xSC,-2.92,0.05,ENF,Cold,DBF,Cold
US-xBN,US-xSE,-2.34,0.04,ENF,Cold,DBF,Temperate
US-xBN,US-xSJ,-0.78,0.03,ENF,Cold,SAV,Temperate
US-xBN,US-xSL,-1.0,0.0,ENF,Cold,CRO,Arid
US-xBN,US-xSR,-11.36,0.28,ENF,Cold,OSH,Arid
US-xBN,US-xST,-0.44,0.18,ENF,Cold,DBF,Cold
US-xBN,US-xTA,-0.63,0.16,ENF,Cold,ENF,Temperate
US-xBN,US-xTL,-14.98,0.48,ENF,Cold,WET,Cold
US-xBN,US-xTR,-0.5,0.14,ENF,Cold,DBF,Cold
US-xBN,US-xUK,-0.57,0.18,ENF,Cold,DBF,Cold
US-xBN,US-xUN,0.51,0.61,ENF,Cold,MF,Cold
US-xBN,US-xWD,-0.51,0.2,ENF,Cold,GRA,Cold
US-xBN,US-xWR,0.03,0.44,ENF,Cold,ENF,Cold
US-xBN,US-xYE,-1.21,0.02,ENF,Cold,ENF,Cold
US-xBR,US-xAB,0.49,0.58,DBF,Cold,ENF,Temperate
US-xBR,US-xAE,-45.46,0.5,DBF,Cold,GRA,Temperate
US-xBR,US-xBL,-0.95,0.66,DBF,Cold,DBF,Cold
US-xBR,US-xBN,0.05,0.42,DBF,Cold,ENF,Cold
US-xBR,US-xBR,0.82,0.82,DBF,Cold,DBF,Cold
US-xBR,US-xCL,-11.65,0.37,DBF,Cold,GRA,Temperate
US-xBR,US-xCP,-48.69,0.26,DBF,Cold,GRA,Arid
US-xBR,US-xDC,0.58,0.74,DBF,Cold,GRA,Cold
US-xBR,US-xDJ,0.66,0.74,DBF,Cold,ENF,Cold
US-xBR,US-xDL,-1.03,0.65,DBF,Cold,MF,Temperate
US-xBR,US-xDS,-53.83,0.24,DBF,Cold,CVM,Temperate
US-xBR,US-xGR,0.36,0.67,DBF,Cold,DBF,Temperate
US-xBR,US-xHA,-5.25,0.09,DBF,Cold,DBF,Cold
US-xBR,US-xHE,-13.37,0.42,DBF,Cold,OSH,Cold
US-xBR,US-xJE,-3.42,0.54,DBF,Cold,ENF,Temperate
US-xBR,US-xJR,-12140.14,0.0,DBF,Cold,OSH,Arid
US-xBR,US-xKA,-10.86,0.66,DBF,Cold,GRA,Cold
US-xBR,US-xKZ,-1.96,0.71,DBF,Cold,GRA,Cold
US-xBR,US-xMB,-692.19,0.18,DBF,Cold,OSH,Arid
US-xBR,US-xML,0.45,0.6,DBF,Cold,DBF,Cold
US-xBR,US-xNG,-1.43,0.58,DBF,Cold,GRA,Cold
US-xBR,US-xNQ,-296.6,0.09,DBF,Cold,OSH,Arid
US-xBR,US-xNW,-4.82,0.51,DBF,Cold,ENF,Cold
US-xBR,US-xRM,0.55,0.73,DBF,Cold,ENF,Cold
US-xBR,US-xRN,0.23,0.42,DBF,Cold,DBF,Temperate
US-xBR,US-xSB,-18.18,0.68,DBF,Cold,ENF,Temperate
US-xBR,US-xSC,-2.78,0.61,DBF,Cold,DBF,Cold
US-xBR,US-xSE,-2.91,0.51,DBF,Cold,DBF,Temperate
US-xBR,US-xSJ,-24.36,0.17,DBF,Cold,SAV,Temperate
US-xBR,US-xSL,-86.36,0.59,DBF,Cold,CRO,Arid
US-xBR,US-xSR,-242.05,0.1,DBF,Cold,OSH,Arid
US-xBR,US-xST,0.8,0.89,DBF,Cold,DBF,Cold
US-xBR,US-xTA,-0.19,0.53,DBF,Cold,ENF,Temperate
US-xBR,US-xTL,-0.44,0.65,DBF,Cold,WET,Cold
US-xBR,US-xTR,0.65,0.72,DBF,Cold,DBF,Cold
US-xBR,US-xUK,0.21,0.76,DBF,Cold,DBF,Cold
US-xBR,US-xUN,0.77,0.91,DBF,Cold,MF,Cold
US-xBR,US-xWD,-1.68,0.59,DBF,Cold,GRA,Cold
US-xBR,US-xWR,0.54,0.61,DBF,Cold,ENF,Cold
US-xBR,US-xYE,0.19,0.54,DBF,Cold,ENF,Cold
US-xCL,US-xAB,-0.89,0.34,GRA,Temperate,ENF,Temperate
US-xCL,US-xAE,-1.3,0.08,GRA,Temperate,GRA,Temperate
US-xCL,US-xBL,0.16,0.54,GRA,Temperate,DBF,Cold
US-xCL,US-xBN,-0.4,0.16,GRA,Temperate,ENF,Cold
US-xCL,US-xBR,-0.04,0.27,GRA,Temperate,DBF,Cold
US-xCL,US-xCL,0.86,0.86,GRA,Temperate,GRA,Temperate
US-xCL,US-xCP,-2.66,0.17,GRA,Temperate,GRA,Arid
US-xCL,US-xDC,0.35,0.64,GRA,Temperate,GRA,Cold
US-xCL,US-xDJ,-0.33,0.0,GRA,Temperate,ENF,Cold
US-xCL,US-xDL,0.17,0.41,GRA,Temperate,MF,Temperate
US-xCL,US-xDS,-1.41,0.0,GRA,Temperate,CVM,Temperate
US-xCL,US-xGR,0.12,0.74,GRA,Temperate,DBF,Temperate
US-xCL,US-xHA,-23.6,0.06,GRA,Temperate,DBF,Cold
US-xCL,US-xHE,-3.96,0.02,GRA,Temperate,OSH,Cold
US-xCL,US-xJE,-0.35,0.23,GRA,Temperate,ENF,Temperate
US-xCL,US-xJR,-1181.25,0.0,GRA,Temperate,OSH,Arid
US-xCL,US-xKA,0.34,0.46,GRA,Temperate,GRA,Cold
US-xCL,US-xKZ,0.5,0.56,GRA,Temperate,GRA,Cold
US-xCL,US-xMB,-45.53,0.07,GRA,Temperate,OSH,Arid
US-xCL,US-xML,-0.21,0.38,GRA,Temperate,DBF,Cold
US-xCL,US-xNG,0.1,0.17,GRA,Temperate,GRA,Cold
US-xCL,US-xNQ,-37.7,0.01,GRA,Temperate,OSH,Arid
US-xCL,US-xNW,-2.65,0.02,GRA,Temperate,ENF,Cold
US-xCL,US-xRM,-0.76,0.12,GRA,Temperate,ENF,Cold
US-xCL,US-xRN,-0.39,0.08,GRA,Temperate,DBF,Temperate
US-xCL,US-xSB,-0.67,0.03,GRA,Temperate,ENF,Temperate
US-xCL,US-xSC,0.46,0.69,GRA,Temperate,DBF,Cold
US-xCL,US-xSE,0.47,0.6,GRA,Temperate,DBF,Temperate
US-xCL,US-xSJ,-1.07,0.26,GRA,Temperate,SAV,Temperate
US-xCL,US-xSL,-5.17,0.33,GRA,Temperate,CRO,Arid
US-xCL,US-xSR,-15.2,0.12,GRA,Temperate,OSH,Arid
US-xCL,US-xST,0.58,0.79,GRA,Temperate,DBF,Cold
US-xCL,US-xTA,-0.33,0.37,GRA,Temperate,ENF,Temperate
US-xCL,US-xTL,-19.75,0.06,GRA,Temperate,WET,Cold
US-xCL,US-xTR,0.15,0.53,GRA,Temperate,DBF,Cold
US-xCL,US-xUK,0.38,0.74,GRA,Temperate,DBF,Cold
US-xCL,US-xUN,-0.18,0.0,GRA,Temperate,MF,Cold
US-xCL,US-xWD,0.28,0.39,GRA,Temperate,GRA,Cold
US-xCL,US-xWR,-0.61,0.02,GRA,Temperate,ENF,Cold
US-xCL,US-xYE,-0.22,0.05,GRA,Temperate,ENF,Cold
US-xCP,US-xAB,-1.78,0.41,GRA,Arid,ENF,Temperate
US-xCP,US-xAE,0.31,0.61,GRA,Arid,GRA,Temperate
US-xCP,US-xBL,-0.78,0.45,GRA,Arid,DBF,Cold
US-xCP,US-xBN,-2.36,0.0,GRA,Arid,ENF,Cold
US-xCP,US-xBR,-0.38,0.59,GRA,Arid,DBF,Cold
US-xCP,US-xCL,0.19,0.53,GRA,Arid,GRA,Temperate
US-xCP,US-xCP,0.76,0.76,GRA,Arid,GRA,Arid
US-xCP,US-xDC,0.06,0.79,GRA,Arid,GRA,Cold
US-xCP,US-xDJ,-1.95,0.58,GRA,Arid,ENF,Cold
US-xCP,US-xDL,-0.6,0.33,GRA,Arid,MF,Temperate
US-xCP,US-xDS,-1.3,0.06,GRA,Arid,CVM,Temperate
US-xCP,US-xGR,-0.29,0.66,GRA,Arid,DBF,Temperate
US-xCP,US-xHA,-29.62,0.14,GRA,Arid,DBF,Cold
US-xCP,US-xHE,-3.51,0.04,GRA,Arid,OSH,Cold
US-xCP,US-xJE,-1.86,0.12,GRA,Arid,ENF,Temperate
US-xCP,US-xJR,-3.51,0.0,GRA,Arid,OSH,Arid
US-xCP,US-xKA,0.44,0.5,GRA,Arid,GRA,Cold
US-xCP,US-xKZ,0.12,0.51,GRA,Arid,GRA,Cold
US-xCP,US-xMB,-0.18,0.29,GRA,Arid,OSH,Arid
US-xCP,US-xML,-0.34,0.64,GRA,Arid,DBF,Cold
US-xCP,US-xNG,-0.14,0.65,GRA,Arid,GRA,Cold
US-xCP,US-xNQ,0.27,0.45,GRA,Arid,OSH,Arid
US-xCP,US-xNW,-3.49,0.05,GRA,Arid,ENF,Cold
US-xCP,US-xRM,-1.84,0.55,GRA,Arid,ENF,Cold
US-xCP,US-xRN,-1.46,0.08,GRA,Arid,DBF,Temperate
US-xCP,US-xSB,-2.89,0.13,GRA,Arid,ENF,Temperate
US-xCP,US-xSC,-0.3,0.61,GRA,Arid,DBF,Cold
US-xCP,US-xSE,-0.11,0.52,GRA,Arid,DBF,Temperate
US-xCP,US-xSJ,-1.41,0.28,GRA,Arid,SAV,Temperate
US-xCP,US-xSL,-2.45,0.6,GRA,Arid,CRO,Arid
US-xCP,US-xSR,-0.05,0.33,GRA,Arid,OSH,Arid
US-xCP,US-xST,0.24,0.85,GRA,Arid,DBF,Cold
US-xCP,US-xTA,-1.27,0.3,GRA,Arid,ENF,Temperate
US-xCP,US-xTL,-8.87,0.0,GRA,Arid,WET,Cold
US-xCP,US-xTR,-0.22,0.58,GRA,Arid,DBF,Cold
US-xCP,US-xUK,-0.22,0.68,GRA,Arid,DBF,Cold
US-xCP,US-xUN,-0.34,0.49,GRA,Arid,MF,Cold
US-xCP,US-xWD,-0.01,0.51,GRA,Arid,GRA,Cold
US-xCP,US-xWR,-2.13,0.02,GRA,Arid,ENF,Cold
US-xCP,US-xYE,-1.15,0.51,GRA,Arid,ENF,Cold
US-xDC,US-xAB,-0.1,0.48,GRA,Cold,ENF,Temperate
US-xDC,US-xAE,-6.85,0.42,GRA,Cold,GRA,Temperate
US-xDC,US-xBL,0.11,0.47,GRA,Cold,DBF,Cold
US-xDC,US-xBN,-0.27,0.37,GRA,Cold,ENF,Cold
US-xDC,US-xBR,0.5,0.63,GRA,Cold,DBF,Cold
US-xDC,US-xCL,-1.99,0.58,GRA,Cold,GRA,Temperate
US-xDC,US-xCP,-5.9,0.36,GRA,Cold,GRA,Arid
US-xDC,US-xDC,0.9,0.9,GRA,Cold,GRA,Cold
US-xDC,US-xDJ,-0.05,0.51,GRA,Cold,ENF,Cold
US-xDC,US-xDL,-0.3,0.05,GRA,Cold,MF,Temperate
US-xDC,US-xDS,-16.69,0.01,GRA,Cold,CVM,Temperate
US-xDC,US-xGR,0.69,0.69,GRA,Cold,DBF,Temperate
US-xDC,US-xHA,-2.4,0.15,GRA,Cold,DBF,Cold
US-xDC,US-xHE,-0.27,0.27,GRA,Cold,OSH,Cold
US-xDC,US-xJE,-1.55,0.01,GRA,Cold,ENF,Temperate
US-xDC,US-xJR,-1051.01,0.0,GRA,Cold,OSH,Arid
US-xDC,US-xKA,-3.2,0.45,GRA,Cold,GRA,Cold
US-xDC,US-xKZ,-0.02,0.41,GRA,Cold,GRA,Cold
US-xDC,US-xMB,-51.57,0.04,GRA,Cold,OSH,Arid
US-xDC,US-xML,0.66,0.68,GRA,Cold,DBF,Cold
US-xDC,US-xNG,0.67,0.7,GRA,Cold,GRA,Cold
US-xDC,US-xNQ,-35.99,0.2,GRA,Cold,OSH,Arid
US-xDC,US-xNW,0.03,0.31,GRA,Cold,ENF,Cold
US-xDC,US-xRM,-0.03,0.41,GRA,Cold,ENF,Cold
US-xDC,US-xRN,0.05,0.36,GRA,Cold,DBF,Temperate
US-xDC,US-xSB,-2.83,0.0,GRA,Cold,ENF,Temperate
US-xDC,US-xSC,-0.23,0.72,GRA,Cold,DBF,Cold
US-xDC,US-xSE,-0.29,0.63,GRA,Cold,DBF,Temperate
US-xDC,US-xSJ,-0.08,0.09,GRA,Cold,SAV,Temperate
US-xDC,US-xSL,-34.71,0.6,GRA,Cold,CRO,Arid
US-xDC,US-xSR,-10.45,0.08,GRA,Cold,OSH,Arid
US-xDC,US-xST,0.91,0.93,GRA,Cold,DBF,Cold
US-xDC,US-xTA,0.07,0.23,GRA,Cold,ENF,Temperate
US-xDC,US-xTL,-0.4,0.51,GRA,Cold,WET,Cold
US-xDC,US-xTR,0.69,0.72,GRA,Cold,DBF,Cold
US-xDC,US-xUK,0.64,0.66,GRA,Cold,DBF,Cold
US-xDC,US-xUN,0.72,0.79,GRA,Cold,MF,Cold
US-xDC,US-xWD,0.12,0.59,GRA,Cold,GRA,Cold
US-xDC,US-xWR,-0.47,0.44,GRA,Cold,ENF,Cold
US-xDC,US-xYE,0.58,0.76,GRA,Cold,ENF,Cold
US-xDJ,US-xAB,0.44,0.56,ENF,Cold,ENF,Temperate
US-xDJ,US-xAE,-10.05,0.46,ENF,Cold,GRA,Temperate
US-xDJ,US-xBL,0.7,0.71,ENF,Cold,DBF,Cold
US-xDJ,US-xBN,0.27,0.43,ENF,Cold,ENF,Cold
US-xDJ,US-xBR,0.68,0.73,ENF,Cold,DBF,Cold
US-xDJ,US-xCL,-1.58,0.32,ENF,Cold,GRA,Temperate
US-xDJ,US-xCP,-13.16,0.3,ENF,Cold,GRA,Arid
US-xDJ,US-xDC,0.69,0.71,ENF,Cold,GRA,Cold
US-xDJ,US-xDJ,0.87,0.87,ENF,Cold,ENF,Cold
US-xDJ,US-xDL,0.36,0.68,ENF,Cold,MF,Temperate
US-xDJ,US-xDS,-3.26,0.49,ENF,Cold,CVM,Temperate
US-xDJ,US-xGR,0.19,0.57,ENF,Cold,DBF,Temperate
US-xDJ,US-xHA,-7.19,0.3,ENF,Cold,DBF,Cold
US-xDJ,US-xHE,-1.32,0.49,ENF,Cold,OSH,Cold
US-xDJ,US-xJE,0.46,0.54,ENF,Cold,ENF,Temperate
US-xDJ,US-xJR,-3230.02,0.0,ENF,Cold,OSH,Arid
US-xDJ,US-xKA,-0.84,0.57,ENF,Cold,GRA,Cold
US-xDJ,US-xKZ,0.43,0.67,ENF,Cold,GRA,Cold
US-xDJ,US-xMB,-180.18,0.24,ENF,Cold,OSH,Arid
US-xDJ,US-xML,0.6,0.67,ENF,Cold,DBF,Cold
US-xDJ,US-xNG,0.41,0.64,ENF,Cold,GRA,Cold
US-xDJ,US-xNQ,-86.87,0.18,ENF,Cold,OSH,Arid
US-xDJ,US-xNW,-0.39,0.57,ENF,Cold,ENF,Cold
US-xDJ,US-xRM,0.68,0.69,ENF,Cold,ENF,Cold
US-xDJ,US-xRN,0.33,0.4,ENF,Cold,DBF,Temperate
US-xDJ,US-xSB,-0.36,0.72,ENF,Cold,ENF,Temperate
US-xDJ,US-xSC,0.4,0.57,ENF,Cold,DBF,Cold
US-xDJ,US-xSE,0.51,0.58,ENF,Cold,DBF,Temperate
US-xDJ,US-xSJ,-3.89,0.13,ENF,Cold,SAV,Temperate
US-xDJ,US-xSL,-14.04,0.58,ENF,Cold,CRO,Arid
US-xDJ,US-xSR,-52.65,0.16,ENF,Cold,OSH,Arid
US-xDJ,US-xST,0.86,0.89,ENF,Cold,DBF,Cold
US-xDJ,US-xTA,0.44,0.55,ENF,Cold,ENF,Temperate
US-xDJ,US-xTL,0.42,0.65,ENF,Cold,WET,Cold
US-xDJ,US-xTR,0.64,0.71,ENF,Cold,DBF,Cold
US-xDJ,US-xUK,0.66,0.73,ENF,Cold,DBF,Cold
US-xDJ,US-xUN,0.87,0.88,ENF,Cold,MF,Cold
US-xDJ,US-xWD,0.38,0.62,ENF,Cold,GRA,Cold
US-xDJ,US-xWR,0.2,0.64,ENF,Cold,ENF,Cold
US-xDJ,US-xYE,0.71,0.72,ENF,Cold,ENF,Cold
US-xDL,US-xAB,-0.3,0.41,MF,Temperate,ENF,Temperate
US-xDL,US-xAE,-3.6,0.57,MF,Temperate,GRA,Temperate
US-xDL,US-xBL,0.46,0.68,MF,Temperate,DBF,Cold
US-xDL,US-xBN,0.18,0.22,MF,Temperate,ENF,Cold
US-xDL,US-xBR,0.24,0.58,MF,Temperate,DBF,Cold
US-xDL,US-xCL,-0.72,0.46,MF,Temperate,GRA,Temperate
US-xDL,US-xCP,-5.68,0.42,MF,Temperate,GRA,Arid
US-xDL,US-xDC,0.54,0.64,MF,Temperate,GRA,Cold
US-xDL,US-xDJ,-0.29,0.11,MF,Temperate,ENF,Cold
US-xDL,US-xDL,0.94,0.94,MF,Temperate,MF,Temperate
US-xDL,US-xDS,-1.41,0.34,MF,Temperate,CVM,Temperate
US-xDL,US-xGR,-0.16,0.61,MF,Temperate,DBF,Temperate
US-xDL,US-xHA,-27.95,0.02,MF,Temperate,DBF,Cold
US-xDL,US-xHE,-1.52,0.0,MF,Temperate,OSH,Cold
US-xDL,US-xJE,0.46,0.59,MF,Temperate,ENF,Temperate
US-xDL,US-xJR,-606.57,0.01,MF,Temperate,OSH,Arid
US-xDL,US-xKA,-0.0,0.55,MF,Temperate,GRA,Cold
US-xDL,US-xKZ,0.73,0.74,MF,Temperate,GRA,Cold
US-xDL,US-xMB,-52.48,0.26,MF,Temperate,OSH,Arid
US-xDL,US-xML,0.17,0.61,MF,Temperate,DBF,Cold
US-xDL,US-xNG,0.55,0.56,MF,Temperate,GRA,Cold
US-xDL,US-xNQ,-29.53,0.08,MF,Temperate,OSH,Arid
US-xDL,US-xNW,-0.06,0.29,MF,Temperate,ENF,Cold
US-xDL,US-xRM,-0.16,0.08,MF,Temperate,ENF,Cold
US-xDL,US-xRN,-0.12,0.27,MF,Temperate,DBF,Temperate
US-xDL,US-xSB,0.27,0.46,MF,Temperate,ENF,Temperate
US-xDL,US-xSC,0.09,0.49,MF,Temperate,DBF,Cold
US-xDL,US-xSE,0.38,0.56,MF,Temperate,DBF,Temperate
US-xDL,US-xSJ,-0.25,0.0,MF,Temperate,SAV,Temperate
US-xDL,US-xSL,-5.74,0.41,MF,Temperate,CRO,Arid
US-xDL,US-xSR,-6.7,0.18,MF,Temperate,OSH,Arid
US-xDL,US-xST,0.53,0.67,MF,Temperate,DBF,Cold
US-xDL,US-xTA,0.38,0.56,MF,Temperate,ENF,Temperate
US-xDL,US-xTL,-7.43,0.27,MF,Temperate,WET,Cold
US-xDL,US-xTR,0.34,0.65,MF,Temperate,DBF,Cold
US-xDL,US-xUK,0.73,0.85,MF,Temperate,DBF,Cold
US-xDL,US-xUN,0.57,0.75,MF,Temperate,MF,Cold
US-xDL,US-xWD,0.45,0.5,MF,Temperate,GRA,Cold
US-xDL,US-xWR,-0.26,0.44,MF,Temperate,ENF,Cold
US-xDL,US-xYE,-0.22,0.12,MF,Temperate,ENF,Cold
US-xDS,US-xAB,-1.16,0.35,CVM,Temperate,ENF,Temperate
US-xDS,US-xAE,-1.22,0.41,CVM,Temperate,GRA,Temperate
US-xDS,US-xBL,-0.48,0.61,CVM,Temperate,DBF,Cold
US-xDS,US-xBN,-0.82,0.22,CVM,Temperate,ENF,Cold
US-xDS,US-xBR,-0.24,0.46,CVM,Temperate,DBF,Cold
US-xDS,US-xCL,0.08,0.27,CVM,Temperate,GRA,Temperate
US-xDS,US-xCP,-1.44,0.23,CVM,Temperate,GRA,Arid
US-xDS,US-xDC,-0.04,0.47,CVM,Temperate,GRA,Cold
US-xDS,US-xDJ,-0.74,0.34,CVM,Temperate,ENF,Cold
US-xDS,US-xDL,0.09,0.77,CVM,Temperate,MF,Temperate
US-xDS,US-xDS,0.83,0.83,CVM,Temperate,CVM,Temperate
US-xDS,US-xGR,-0.84,0.59,CVM,Temperate,DBF,Temperate
US-xDS,US-xHA,-26.61,0.15,CVM,Temperate,DBF,Cold
US-xDS,US-xHE,-0.49,0.25,CVM,Temperate,OSH,Cold
US-xDS,US-xJE,-0.21,0.71,CVM,Temperate,ENF,Temperate
US-xDS,US-xJR,-582.97,0.0,CVM,Temperate,OSH,Arid
US-xDS,US-xKA,0.51,0.53,CVM,Temperate,GRA,Cold
US-xDS,US-xKZ,0.4,0.73,CVM,Temperate,GRA,Cold
US-xDS,US-xMB,-34.52,0.25,CVM,Temperate,OSH,Arid
US-xDS,US-xML,-0.44,0.48,CVM,Temperate,DBF,Cold
US-xDS,US-xNG,0.22,0.55,CVM,Temperate,GRA,Cold
US-xDS,US-xNQ,-14.53,0.13,CVM,Temperate,OSH,Arid
US-xDS,US-xNW,-0.51,0.39,CVM,Temperate,ENF,Cold
US-xDS,US-xRM,-0.51,0.52,CVM,Temperate,ENF,Cold
US-xDS,US-xRN,-0.55,0.4,CVM,Temperate,DBF,Temperate
US-xDS,US-xSB,0.37,0.67,CVM,Temperate,ENF,Temperate
US-xDS,US-xSC,-0.89,0.53,CVM,Temperate,DBF,Cold
US-xDS,US-xSE,-0.57,0.59,CVM,Temperate,DBF,Temperate
US-xDS,US-xSJ,-0.54,0.04,CVM,Temperate,SAV,Temperate
US-xDS,US-xSL,-0.73,0.48,CVM,Temperate,CRO,Arid
US-xDS,US-xSR,-5.61,0.23,CVM,Temperate,OSH,Arid
US-xDS,US-xST,0.18,0.51,CVM,Temperate,DBF,Cold
US-xDS,US-xTA,-0.48,0.57,CVM,Temperate,ENF,Temperate
US-xDS,US-xTL,-2.27,0.3,CVM,Temperate,WET,Cold
US-xDS,US-xTR,-0.23,0.45,CVM,Temperate,DBF,Cold
US-xDS,US-xUK,-0.03,0.73,CVM,Temperate,DBF,Cold
US-xDS,US-xUN,0.05,0.67,CVM,Temperate,MF,Cold
US-xDS,US-xWD,0.05,0.46,CVM,Temperate,GRA,Cold
US-xDS,US-xWR,-1.14,0.43,CVM,Temperate,ENF,Cold
US-xDS,US-xYE,-0.31,0.34,CVM,Temperate,ENF,Cold
US-xGR,US-xAB,-1.29,0.34,DBF,Temperate,ENF,Temperate
US-xGR,US-xAE,-47.02,0.17,DBF,Temperate,GRA,Temperate
US-xGR,US-xBL,-4.81,0.49,DBF,Temperate,DBF,Cold
US-xGR,US-xBN,-13.43,0.25,DBF,Temperate,ENF,Cold
US-xGR,US-xBR,-0.23,0.38,DBF,Temperate,DBF,Cold
US-xGR,US-xCL,-21.78,0.18,DBF,Temperate,GRA,Temperate
US-xGR,US-xCP,-124.43,0.05,DBF,Temperate,GRA,Arid
US-xGR,US-xDC,-0.78,0.36,DBF,Temperate,GRA,Cold
US-xGR,US-xDJ,-4.96,0.08,DBF,Temperate,ENF,Cold
US-xGR,US-xDL,-6.93,0.6,DBF,Temperate,MF,Temperate
US-xGR,US-xDS,-44.34,0.14,DBF,Temperate,CVM,Temperate
US-xGR,US-xGR,0.81,0.81,DBF,Temperate,DBF,Temperate
US-xGR,US-xHA,-10.22,0.02,DBF,Temperate,DBF,Cold
US-xGR,US-xHE,-96.88,0.43,DBF,Temperate,OSH,Cold
US-xGR,US-xJE,-12.14,0.29,DBF,Temperate,ENF,Temperate
US-xGR,US-xJR,-37164.17,0.0,DBF,Temperate,OSH,Arid
US-xGR,US-xKA,-11.41,0.52,DBF,Temperate,GRA,Cold
US-xGR,US-xKZ,-7.9,0.37,DBF,Temperate,GRA,Cold
US-xGR,US-xMB,-1939.98,0.12,DBF,Temperate,OSH,Arid
US-xGR,US-xML,-0.34,0.57,DBF,Temperate,DBF,Cold
US-xGR,US-xNG,-12.09,0.34,DBF,Temperate,GRA,Cold
US-xGR,US-xNQ,-985.22,0.01,DBF,Temperate,OSH,Arid
US-xGR,US-xNW,-67.87,0.15,DBF,Temperate,ENF,Cold
US-xGR,US-xRM,-5.16,0.08,DBF,Temperate,ENF,Cold
US-xGR,US-xRN,-6.03,0.28,DBF,Temperate,DBF,Temperate
US-xGR,US-xSB,-50.92,0.21,DBF,Temperate,ENF,Temperate
US-xGR,US-xSC,-1.64,0.52,DBF,Temperate,DBF,Cold
US-xGR,US-xSE,-0.96,0.63,DBF,Temperate,DBF,Temperate
US-xGR,US-xSJ,-67.94,0.16,DBF,Temperate,SAV,Temperate
US-xGR,US-xSL,-35.92,0.46,DBF,Temperate,CRO,Arid
US-xGR,US-xSR,-544.58,0.03,DBF,Temperate,OSH,Arid
US-xGR,US-xST,0.56,0.67,DBF,Temperate,DBF,Cold
US-xGR,US-xTA,-5.59,0.33,DBF,Temperate,ENF,Temperate
US-xGR,US-xTL,-220.36,0.53,DBF,Temperate,WET,Cold
US-xGR,US-xTR,0.04,0.48,DBF,Temperate,DBF,Cold
US-xGR,US-xUK,-2.77,0.5,DBF,Temperate,DBF,Cold
US-xGR,US-xUN,-3.08,0.64,DBF,Temperate,MF,Cold
US-xGR,US-xWD,-5.23,0.43,DBF,Temperate,GRA,Cold
US-xGR,US-xWR,-1.38,0.48,DBF,Temperate,ENF,Cold
US-xGR,US-xYE,-5.51,0.07,DBF,Temperate,ENF,Cold
US-xHA,US-xAB,-2.42,0.22,DBF,Cold,ENF,Temperate
US-xHA,US-xAE,-24.54,0.11,DBF,Cold,GRA,Temperate
US-xHA,US-xBL,-2.87,0.18,DBF,Cold,DBF,Cold
US-xHA,US-xBN,-3.55,0.04,DBF,Cold,ENF,Cold
US-xHA,US-xBR,-1.69,0.1,DBF,Cold,DBF,Cold
US-xHA,US-xCL,-10.64,0.06,DBF,Cold,GRA,Temperate
US-xHA,US-xCP,-52.2,0.03,DBF,Cold,GRA,Arid
US-xHA,US-xDC,-1.6,0.12,DBF,Cold,GRA,Cold
US-xHA,US-xDJ,-6.13,0.05,DBF,Cold,ENF,Cold
US-xHA,US-xDL,-2.36,0.16,DBF,Cold,MF,Temperate
US-xHA,US-xDS,-16.26,0.12,DBF,Cold,CVM,Temperate
US-xHA,US-xGR,-0.86,0.11,DBF,Cold,DBF,Temperate
US-xHA,US-xHA,-47.47,0.03,DBF,Cold,DBF,Cold
US-xHA,US-xHE,-20.43,0.02,DBF,Cold,OSH,Cold
US-xHA,US-xJE,-3.52,0.07,DBF,Cold,ENF,Temperate
US-xHA,US-xJR,-6090.7,0.0,DBF,Cold,OSH,Arid
US-xHA,US-xKA,-6.39,0.11,DBF,Cold,GRA,Cold
US-xHA,US-xKZ,-2.83,0.1,DBF,Cold,GRA,Cold
US-xHA,US-xMB,-590.81,0.07,DBF,Cold,OSH,Arid
US-xHA,US-xML,-2.62,0.06,DBF,Cold,DBF,Cold
US-xHA,US-xNG,-4.64,0.08,DBF,Cold,GRA,Cold
US-xHA,US-xNQ,-375.17,0.04,DBF,Cold,OSH,Arid
US-xHA,US-xNW,-53.57,0.02,DBF,Cold,ENF,Cold
US-xHA,US-xRM,-12.61,0.06,DBF,Cold,ENF,Cold
US-xHA,US-xRN,-1.49,0.07,DBF,Cold,DBF,Temperate
US-xHA,US-xSB,-8.58,0.14,DBF,Cold,ENF,Temperate
US-xHA,US-xSC,-3.06,0.07,DBF,Cold,DBF,Cold
US-xHA,US-xSE,-2.29,0.06,DBF,Cold,DBF,Temperate
US-xHA,US-xSJ,-14.32,0.01,DBF,Cold,SAV,Temperate
US-xHA,US-xSL,-47.18,0.12,DBF,Cold,CRO,Arid
US-xHA,US-xSR,-120.16,0.04,DBF,Cold,OSH,Arid
US-xHA,US-xST,-2.16,0.1,DBF,Cold,DBF,Cold
US-xHA,US-xTA,-2.06,0.13,DBF,Cold,ENF,Temperate
US-xHA,US-xTL,-10.96,0.09,DBF,Cold,WET,Cold
US-xHA,US-xTR,-0.96,0.11,DBF,Cold,DBF,Cold
US-xHA,US-xUK,-1.46,0.14,DBF,Cold,DBF,Cold
US-xHA,US-xUN,-2.29,0.11,DBF,Cold,MF,Cold
US-xHA,US-xWD,-5.15,0.08,DBF,Cold,GRA,Cold
US-xHA,US-xWR,-1.07,0.21,DBF,Cold,ENF,Cold
US-xHA,US-xYE,-7.92,0.06,DBF,Cold,ENF,Cold
US-xHE,US-xAB,-0.77,0.08,OSH,Cold,ENF,Temperate
US-xHE,US-xAE,-0.29,0.08,OSH,Cold,GRA,Temperate
US-xHE,US-xBL,-0.51,0.16,OSH,Cold,DBF,Cold
US-xHE,US-xBN,-0.23,0.27,OSH,Cold,ENF,Cold
US-xHE,US-xBR,-0.07,0.35,OSH,Cold,DBF,Cold
US-xHE,US-xCL,-0.21,0.09,OSH,Cold,GRA,Temperate
US-xHE,US-xCP,-0.28,0.17,OSH,Cold,GRA,Arid
US-xHE,US-xDC,0.03,0.42,OSH,Cold,GRA,Cold
US-xHE,US-xDJ,-0.37,0.22,OSH,Cold,ENF,Cold
US-xHE,US-xDL,-0.29,0.08,OSH,Cold,MF,Temperate
US-xHE,US-xDS,-0.25,0.02,OSH,Cold,CVM,Temperate
US-xHE,US-xGR,-0.6,0.32,OSH,Cold,DBF,Temperate
US-xHE,US-xHA,-16.83,0.27,OSH,Cold,DBF,Cold
US-xHE,US-xHE,0.84,0.85,OSH,Cold,OSH,Cold
US-xHE,US-xJE,-0.47,0.26,OSH,Cold,ENF,Temperate
US-xHE,US-xJR,-530.65,0.02,OSH,Cold,OSH,Arid
US-xHE,US-xKA,0.27,0.28,OSH,Cold,GRA,Cold
US-xHE,US-xKZ,0.13,0.27,OSH,Cold,GRA,Cold
US-xHE,US-xMB,-13.82,0.05,OSH,Cold,OSH,Arid
US-xHE,US-xML,-0.04,0.47,OSH,Cold,DBF,Cold
US-xHE,US-xNG,0.16,0.4,OSH,Cold,GRA,Cold
US-xHE,US-xNQ,-11.38,0.11,OSH,Cold,OSH,Arid
US-xHE,US-xNW,0.18,0.46,OSH,Cold,ENF,Cold
US-xHE,US-xRM,-0.7,0.24,OSH,Cold,ENF,Cold
US-xHE,US-xRN,-0.3,0.29,OSH,Cold,DBF,Temperate
US-xHE,US-xSB,-0.09,0.24,OSH,Cold,ENF,Temperate
US-xHE,US-xSC,-0.26,0.06,OSH,Cold,DBF,Cold
US-xHE,US-xSE,-0.47,0.24,OSH,Cold,DBF,Temperate
US-xHE,US-xSJ,-0.42,0.09,OSH,Cold,SAV,Temperate
US-xHE,US-xSL,-1.85,0.17,OSH,Cold,CRO,Arid
US-xHE,US-xSR,-5.18,0.19,OSH,Cold,OSH,Arid
US-xHE,US-xST,0.3,0.52,OSH,Cold,DBF,Cold
US-xHE,US-xTA,-0.7,0.14,OSH,Cold,ENF,Temperate
US-xHE,US-xTL,-0.62,0.37,OSH,Cold,WET,Cold
US-xHE,US-xTR,-0.02,0.39,OSH,Cold,DBF,Cold
US-xHE,US-xUK,-0.2,0.26,OSH,Cold,DBF,Cold
US-xHE,US-xUN,0.37,0.66,OSH,Cold,MF,Cold
US-xHE,US-xWD,0.09,0.25,OSH,Cold,GRA,Cold
US-xHE,US-xWR,-0.71,0.33,OSH,Cold,ENF,Cold
US-xHE,US-xYE,-0.23,0.18,OSH,Cold,ENF,Cold
US-xJE,US-xAB,-0.3,0.51,ENF,Temperate,ENF,Temperate
US-xJE,US-xAE,-5.24,0.5,ENF,Temperate,GRA,Temperate
US-xJE,US-xBL,0.5,0.65,ENF,Temperate,DBF,Cold
US-xJE,US-xBN,-0.1,0.35,ENF,Temperate,ENF,Cold
US-xJE,US-xBR,0.13,0.63,ENF,Temperate,DBF,Cold
US-xJE,US-xCL,-0.37,0.3,ENF,Temperate,GRA,Temperate
US-xJE,US-xCP,-8.66,0.28,ENF,Temperate,GRA,Arid
US-xJE,US-xDC,0.42,0.63,ENF,Temperate,GRA,Cold
US-xJE,US-xDJ,0.11,0.72,ENF,Temperate,ENF,Cold
US-xJE,US-xDL,0.7,0.7,ENF,Temperate,MF,Temperate
US-xJE,US-xDS,-3.56,0.54,ENF,Temperate,CVM,Temperate
US-xJE,US-xGR,-0.12,0.63,ENF,Temperate,DBF,Temperate
US-xJE,US-xHA,-23.07,0.04,ENF,Temperate,DBF,Cold
US-xJE,US-xHE,0.18,0.4,ENF,Temperate,OSH,Cold
US-xJE,US-xJE,0.83,0.84,ENF,Temperate,ENF,Temperate
US-xJE,US-xJR,-1644.82,0.0,ENF,Temperate,OSH,Arid
US-xJE,US-xKA,-0.15,0.65,ENF,Temperate,GRA,Cold
US-xJE,US-xKZ,0.73,0.79,ENF,Temperate,GRA,Cold
US-xJE,US-xMB,-111.36,0.26,ENF,Temperate,OSH,Arid
US-xJE,US-xML,0.14,0.64,ENF,Temperate,DBF,Cold
US-xJE,US-xNG,0.6,0.61,ENF,Temperate,GRA,Cold
US-xJE,US-xNQ,-44.43,0.17,ENF,Temperate,OSH,Arid
US-xJE,US-xNW,0.57,0.6,ENF,Temperate,ENF,Cold
US-xJE,US-xRM,0.13,0.58,ENF,Temperate,ENF,Cold
US-xJE,US-xRN,0.09,0.4,ENF,Temperate,DBF,Temperate
US-xJE,US-xSB,-0.25,0.71,ENF,Temperate,ENF,Temperate
US-xJE,US-xSC,0.17,0.52,ENF,Temperate,DBF,Cold
US-xJE,US-xSE,0.38,0.55,ENF,Temperate,DBF,Temperate
US-xJE,US-xSJ,-1.67,0.11,ENF,Temperate,SAV,Temperate
US-xJE,US-xSL,-7.34,0.53,ENF,Temperate,CRO,Arid
US-xJE,US-xSR,-27.9,0.23,ENF,Temperate,OSH,Arid
US-xJE,US-xST,0.48,0.78,ENF,Temperate,DBF,Cold
US-xJE,US-xTA,0.39,0.51,ENF,Temperate,ENF,Temperate
US-xJE,US-xTL,0.51,0.59,ENF,Temperate,WET,Cold
US-xJE,US-xTR,0.22,0.66,ENF,Temperate,DBF,Cold
US-xJE,US-xUK,0.59,0.75,ENF,Temperate,DBF,Cold
US-xJE,US-xUN,0.5,0.78,ENF,Temperate,MF,Cold
US-xJE,US-xWD,0.6,0.62,ENF,Temperate,GRA,Cold
US-xJE,US-xWR,-0.47,0.62,ENF,Temperate,ENF,Cold
US-xJE,US-xYE,0.25,0.54,ENF,Temperate,ENF,Cold
US-xJR,US-xAB,-2.41,0.0,OSH,Arid,ENF,Temperate
US-xJR,US-xAE,0.3,0.37,OSH,Arid,GRA,Temperate
US-xJR,US-xBL,-1.8,0.07,OSH,Arid,DBF,Cold
US-xJR,US-xBN,-2.22,0.12,OSH,Arid,ENF,Cold
US-xJR,US-xBR,-1.0,0.03,OSH,Arid,DBF,Cold
US-xJR,US-xCL,-1.24,0.21,OSH,Arid,GRA,Temperate
US-xJR,US-xCP,0.2,0.33,OSH,Arid,GRA,Arid
US-xJR,US-xDC,-0.67,0.21,OSH,Arid,GRA,Cold
US-xJR,US-xDJ,-2.37,0.02,OSH,Arid,ENF,Cold
US-xJR,US-xDL,-1.47,0.0,OSH,Arid,MF,Temperate
US-xJR,US-xDS,-1.66,0.1,OSH,Arid,CVM,Temperate
US-xJR,US-xGR,-1.01,0.29,OSH,Arid,DBF,Temperate
US-xJR,US-xHA,-35.78,0.07,OSH,Arid,DBF,Cold
US-xJR,US-xHE,-2.49,0.2,OSH,Arid,OSH,Cold
US-xJR,US-xJE,-2.46,0.13,OSH,Arid,ENF,Temperate
US-xJR,US-xJR,0.75,0.76,OSH,Arid,OSH,Arid
US-xJR,US-xKA,-0.02,0.25,OSH,Arid,GRA,Cold
US-xJR,US-xKZ,-0.48,0.27,OSH,Arid,GRA,Cold
US-xJR,US-xMB,-0.05,0.24,OSH,Arid,OSH,Arid
US-xJR,US-xML,-1.35,0.03,OSH,Arid,DBF,Cold
US-xJR,US-xNG,-1.02,0.4,OSH,Arid,GRA,Cold
US-xJR,US-xNQ,-0.1,0.25,OSH,Arid,OSH,Arid
US-xJR,US-xNW,-3.27,0.07,OSH,Arid,ENF,Cold
US-xJR,US-xRM,-2.39,0.03,OSH,Arid,ENF,Cold
US-xJR,US-xRN,-1.68,0.23,OSH,Arid,DBF,Temperate
US-xJR,US-xSB,-3.6,0.33,OSH,Arid,ENF,Temperate
US-xJR,US-xSC,-0.77,0.0,OSH,Arid,DBF,Cold
US-xJR,US-xSE,-1.33,0.2,OSH,Arid,DBF,Temperate
US-xJR,US-xSJ,-1.48,0.05,OSH,Arid,SAV,Temperate
US-xJR,US-xSL,-0.34,0.4,OSH,Arid,CRO,Arid
US-xJR,US-xSR,0.21,0.45,OSH,Arid,OSH,Arid
US-xJR,US-xST,-0.19,0.27,OSH,Arid,DBF,Cold
US-xJR,US-xTA,-2.06,0.2,OSH,Arid,ENF,Temperate
US-xJR,US-xTL,-5.51,0.1,OSH,Arid,WET,Cold
US-xJR,US-xTR,-0.77,0.08,OSH,Arid,DBF,Cold
US-xJR,US-xUK,-0.91,0.15,OSH,Arid,DBF,Cold
US-xJR,US-xUN,-0.96,0.17,OSH,Arid,MF,Cold
US-xJR,US-xWD,-0.97,0.04,OSH,Arid,GRA,Cold
US-xJR,US-xWR,-2.28,0.08,OSH,Arid,ENF,Cold
US-xJR,US-xYE,-1.31,0.06,OSH,Arid,ENF,Cold
US-xKA,US-xAB,-0.88,0.46,GRA,Cold,ENF,Temperate
US-xKA,US-xAE,0.3,0.6,GRA,Cold,GRA,Temperate
US-xKA,US-xBL,-0.24,0.57,GRA,Cold,DBF,Cold
US-xKA,US-xBN,-0.19,0.36,GRA,Cold,ENF,Cold
US-xKA,US-xBR,-0.15,0.48,GRA,Cold,DBF,Cold
US-xKA,US-xCL,-0.08,0.32,GRA,Cold,GRA,Temperate
US-xKA,US-xCP,-0.37,0.23,GRA,Cold,GRA,Arid
US-xKA,US-xDC,-0.1,0.46,GRA,Cold,GRA,Cold
US-xKA,US-xDJ,-0.98,0.38,GRA,Cold,ENF,Cold
US-xKA,US-xDL,0.37,0.6,GRA,Cold,MF,Temperate
US-xKA,US-xDS,-0.19,0.26,GRA,Cold,CVM,Temperate
US-xKA,US-xGR,-0.35,0.69,GRA,Cold,DBF,Temperate
US-xKA,US-xHA,-39.94,0.02,GRA,Cold,DBF,Cold
US-xKA,US-xHE,0.29,0.41,GRA,Cold,OSH,Cold
US-xKA,US-xJE,0.19,0.52,GRA,Cold,ENF,Temperate
US-xKA,US-xJR,-615.92,0.01,GRA,Cold,OSH,Arid
US-xKA,US-xKA,0.84,0.84,GRA,Cold,GRA,Cold
US-xKA,US-xKZ,0.52,0.63,GRA,Cold,GRA,Cold
US-xKA,US-xMB,-20.43,0.14,GRA,Cold,OSH,Arid
US-xKA,US-xML,-0.01,0.68,GRA,Cold,DBF,Cold
US-xKA,US-xNG,0.12,0.42,GRA,Cold,GRA,Cold
US-xKA,US-xNQ,-12.27,0.05,GRA,Cold,OSH,Arid
US-xKA,US-xNW,-0.01,0.38,GRA,Cold,ENF,Cold
US-xKA,US-xRM,-0.9,0.26,GRA,Cold,ENF,Cold
US-xKA,US-xRN,-0.3,0.21,GRA,Cold,DBF,Temperate
US-xKA,US-xSB,0.22,0.49,GRA,Cold,ENF,Temperate
US-xKA,US-xSC,-0.13,0.6,GRA,Cold,DBF,Cold
US-xKA,US-xSE,-0.18,0.5,GRA,Cold,DBF,Temperate
US-xKA,US-xSJ,-0.65,0.09,GRA,Cold,SAV,Temperate
US-xKA,US-xSL,-1.12,0.61,GRA,Cold,CRO,Arid
US-xKA,US-xSR,-6.69,0.18,GRA,Cold,OSH,Arid
US-xKA,US-xST,-0.06,0.7,GRA,Cold,DBF,Cold
US-xKA,US-xTA,-0.19,0.38,GRA,Cold,ENF,Temperate
US-xKA,US-xTL,0.07,0.43,GRA,Cold,WET,Cold
US-xKA,US-xTR,-0.15,0.5,GRA,Cold,DBF,Cold
US-xKA,US-xUK,0.07,0.61,GRA,Cold,DBF,Cold
US-xKA,US-xUN,0.38,0.74,GRA,Cold,MF,Cold
US-xKA,US-xWD,0.0,0.47,GRA,Cold,GRA,Cold
US-xKA,US-xWR,-0.8,0.4,GRA,Cold,ENF,Cold
US-xKA,US-xYE,-0.63,0.26,GRA,Cold,ENF,Cold
US-xKZ,US-xAB,-1.21,0.56,GRA,Cold,ENF,Temperate
US-xKZ,US-xAE,-10.87,0.46,GRA,Cold,GRA,Temperate
US-xKZ,US-xBL,0.27,0.65,GRA,Cold,DBF,Cold
US-xKZ,US-xBN,-0.88,0.31,GRA,Cold,ENF,Cold
US-xKZ,US-xBR,-0.3,0.63,GRA,Cold,DBF,Cold
US-xKZ,US-xCL,-0.84,0.31,GRA,Cold,GRA,Temperate
US-xKZ,US-xCP,-8.79,0.31,GRA,Cold,GRA,Arid
US-xKZ,US-xDC,0.32,0.65,GRA,Cold,GRA,Cold
US-xKZ,US-xDJ,-1.39,0.64,GRA,Cold,ENF,Cold
US-xKZ,US-xDL,0.79,0.79,GRA,Cold,MF,Temperate
US-xKZ,US-xDS,-4.34,0.56,GRA,Cold,CVM,Temperate
US-xKZ,US-xGR,0.05,0.63,GRA,Cold,DBF,Temperate
US-xKZ,US-xHA,-36.5,0.04,GRA,Cold,DBF,Cold
US-xKZ,US-xHE,-0.5,0.17,GRA,Cold,OSH,Cold
US-xKZ,US-xJE,0.62,0.67,GRA,Cold,ENF,Temperate
US-xKZ,US-xJR,-1498.08,0.0,GRA,Cold,OSH,Arid
US-xKZ,US-xKA,-0.18,0.64,GRA,Cold,GRA,Cold
US-xKZ,US-xKZ,0.92,0.92,GRA,Cold,GRA,Cold
US-xKZ,US-xMB,-127.87,0.27,GRA,Cold,OSH,Arid
US-xKZ,US-xML,-0.27,0.63,GRA,Cold,DBF,Cold
US-xKZ,US-xNG,0.55,0.62,GRA,Cold,GRA,Cold
US-xKZ,US-xNQ,-38.4,0.11,GRA,Cold,OSH,Arid
US-xKZ,US-xNW,-0.19,0.39,GRA,Cold,ENF,Cold
US-xKZ,US-xRM,-0.91,0.51,GRA,Cold,ENF,Cold
US-xKZ,US-xRN,-0.2,0.38,GRA,Cold,DBF,Temperate
US-xKZ,US-xSB,-0.31,0.57,GRA,Cold,ENF,Temperate
US-xKZ,US-xSC,0.58,0.64,GRA,Cold,DBF,Cold
US-xKZ,US-xSE,0.22,0.43,GRA,Cold,DBF,Temperate
US-xKZ,US-xSJ,-1.35,0.06,GRA,Cold,SAV,Temperate
US-xKZ,US-xSL,-16.83,0.68,GRA,Cold,CRO,Arid
US-xKZ,US-xSR,-30.18,0.21,GRA,Cold,OSH,Arid
US-xKZ,US-xST,0.24,0.71,GRA,Cold,DBF,Cold
US-xKZ,US-xTA,0.36,0.59,GRA,Cold,ENF,Temperate
US-xKZ,US-xTL,-1.24,0.06,GRA,Cold,WET,Cold
US-xKZ,US-xTR,-0.1,0.58,GRA,Cold,DBF,Cold
US-xKZ,US-xUK,0.6,0.8,GRA,Cold,DBF,Cold
US-xKZ,US-xUN,0.12,0.8,GRA,Cold,MF,Cold
US-xKZ,US-xWD,0.47,0.59,GRA,Cold,GRA,Cold
US-xKZ,US-xWR,-1.13,0.51,GRA,Cold,ENF,Cold
US-xKZ,US-xYE,-0.52,0.45,GRA,Cold,ENF,Cold
US-xMB,US-xAB,-2.24,0.28,OSH,Arid,ENF,Temperate
US-xMB,US-xAE,-0.09,0.18,OSH,Arid,GRA,Temperate
US-xMB,US-xBL,-2.34,0.34,OSH,Arid,DBF,Cold
US-xMB,US-xBN,-1.97,0.08,OSH,Arid,ENF,Cold
US-xMB,US-xBR,-0.87,0.49,OSH,Arid,DBF,Cold
US-xMB,US-xCL,-1.91,0.04,OSH,Arid,GRA,Temperate
US-xMB,US-xCP,0.06,0.18,OSH,Arid,GRA,Arid
US-xMB,US-xDC,-0.78,0.37,OSH,Arid,GRA,Cold
US-xMB,US-xDJ,-2.14,0.35,OSH,Arid,ENF,Cold
US-xMB,US-xDL,-1.66,0.14,OSH,Arid,MF,Temperate
US-xMB,US-xDS,-3.14,0.09,OSH,Arid,CVM,Temperate
US-xMB,US-xGR,-1.5,0.24,OSH,Arid,DBF,Temperate
US-xMB,US-xHA,-43.21,0.09,OSH,Arid,DBF,Cold
US-xMB,US-xHE,-2.55,0.01,OSH,Arid,OSH,Cold
US-xMB,US-xJE,-2.89,0.12,OSH,Arid,ENF,Temperate
US-xMB,US-xJR,-3.49,0.01,OSH,Arid,OSH,Arid
US-xMB,US-xKA,-0.44,0.4,OSH,Arid,GRA,Cold
US-xMB,US-xKZ,-0.72,0.41,OSH,Arid,GRA,Cold
US-xMB,US-xMB,0.69,0.7,OSH,Arid,OSH,Arid
US-xMB,US-xML,-1.25,0.57,OSH,Arid,DBF,Cold
US-xMB,US-xNG,-0.84,0.44,OSH,Arid,GRA,Cold
US-xMB,US-xNQ,0.29,0.35,OSH,Arid,OSH,Arid
US-xMB,US-xNW,-2.91,0.26,OSH,Arid,ENF,Cold
US-xMB,US-xRM,-2.07,0.32,OSH,Arid,ENF,Cold
US-xMB,US-xRN,-1.55,0.2,OSH,Arid,DBF,Temperate
US-xMB,US-xSB,-4.72,0.3,OSH,Arid,ENF,Temperate
US-xMB,US-xSC,-1.7,0.02,OSH,Arid,DBF,Cold
US-xMB,US-xSE,-2.16,0.18,OSH,Arid,DBF,Temperate
US-xMB,US-xSJ,-1.37,0.26,OSH,Arid,SAV,Temperate
US-xMB,US-xSL,0.31,0.31,OSH,Arid,CRO,Arid
US-xMB,US-xSR,0.14,0.4,OSH,Arid,OSH,Arid
US-xMB,US-xST,-0.48,0.51,OSH,Arid,DBF,Cold
US-xMB,US-xTA,-2.18,0.16,OSH,Arid,ENF,Temperate
US-xMB,US-xTL,-6.02,0.18,OSH,Arid,WET,Cold
US-xMB,US-xTR,-0.86,0.42,OSH,Arid,DBF,Cold
US-xMB,US-xUK,-1.11,0.44,OSH,Arid,DBF,Cold
US-xMB,US-xUN,-0.63,0.65,OSH,Arid,MF,Cold
US-xMB,US-xWD,-1.09,0.33,OSH,Arid,GRA,Cold
US-xMB,US-xWR,-2.11,0.19,OSH,Arid,ENF,Cold
US-xMB,US-xYE,-1.51,0.26,OSH,Arid,ENF,Cold
US-xML,US-xAB,0.2,0.51,DBF,Cold,ENF,Temperate
US-xML,US-xAE,-7.18,0.04,DBF,Cold,GRA,Temperate
US-xML,US-xBL,0.18,0.37,DBF,Cold,DBF,Cold
US-xML,US-xBN,0.14,0.2,DBF,Cold,ENF,Cold
US-xML,US-xBR,0.44,0.51,DBF,Cold,DBF,Cold
US-xML,US-xCL,-1.68,0.06,DBF,Cold,GRA,Temperate
US-xML,US-xCP,-16.41,0.07,DBF,Cold,GRA,Arid
US-xML,US-xDC,0.51,0.52,DBF,Cold,GRA,Cold
US-xML,US-xDJ,0.34,0.48,DBF,Cold,ENF,Cold
US-xML,US-xDL,-0.29,0.29,DBF,Cold,MF,Temperate
US-xML,US-xDS,-7.31,0.0,DBF,Cold,CVM,Temperate
US-xML,US-xGR,0.11,0.37,DBF,Cold,DBF,Temperate
US-xML,US-xHA,-15.51,0.27,DBF,Cold,DBF,Cold
US-xML,US-xHE,-5.45,0.31,DBF,Cold,OSH,Cold
US-xML,US-xJE,-0.07,0.25,DBF,Cold,ENF,Temperate
US-xML,US-xJR,-5159.61,0.0,DBF,Cold,OSH,Arid
US-xML,US-xKA,-0.63,0.35,DBF,Cold,GRA,Cold
US-xML,US-xKZ,0.14,0.43,DBF,Cold,GRA,Cold
US-xML,US-xMB,-252.27,0.16,DBF,Cold,OSH,Arid
US-xML,US-xML,0.9,0.9,DBF,Cold,DBF,Cold
US-xML,US-xNG,-0.19,0.64,DBF,Cold,GRA,Cold
US-xML,US-xNQ,-124.55,0.03,DBF,Cold,OSH,Arid
US-xML,US-xNW,-2.61,0.21,DBF,Cold,ENF,Cold
US-xML,US-xRM,0.15,0.26,DBF,Cold,ENF,Cold
US-xML,US-xRN,0.43,0.44,DBF,Cold,DBF,Temperate
US-xML,US-xSB,-2.57,0.27,DBF,Cold,ENF,Temperate
US-xML,US-xSC,-1.28,0.23,DBF,Cold,DBF,Cold
US-xML,US-xSE,-0.23,0.14,DBF,Cold,DBF,Temperate
US-xML,US-xSJ,-6.78,0.15,DBF,Cold,SAV,Temperate
US-xML,US-xSL,-16.55,0.38,DBF,Cold,CRO,Arid
US-xML,US-xSR,-74.82,0.11,DBF,Cold,OSH,Arid
US-xML,US-xST,0.6,0.7,DBF,Cold,DBF,Cold
US-xML,US-xTA,0.31,0.36,DBF,Cold,ENF,Temperate
US-xML,US-xTL,-7.93,0.03,DBF,Cold,WET,Cold
US-xML,US-xTR,0.35,0.4,DBF,Cold,DBF,Cold
US-xML,US-xUK,0.44,0.48,DBF,Cold,DBF,Cold
US-xML,US-xUN,0.75,0.8,DBF,Cold,MF,Cold
US-xML,US-xWD,0.05,0.54,DBF,Cold,GRA,Cold
US-xML,US-xWR,0.26,0.54,DBF,Cold,ENF,Cold
US-xML,US-xYE,-0.01,0.19,DBF,Cold,ENF,Cold
US-xNG,US-xAB,-0.44,0.47,GRA,Cold,ENF,Temperate
US-xNG,US-xAE,-2.23,0.49,GRA,Cold,GRA,Temperate
US-xNG,US-xBL,0.42,0.61,GRA,Cold,DBF,Cold
US-xNG,US-xBN,-1.0,0.31,GRA,Cold,ENF,Cold
US-xNG,US-xBR,0.33,0.68,GRA,Cold,DBF,Cold
US-xNG,US-xCL,-0.03,0.41,GRA,Cold,GRA,Temperate
US-xNG,US-xCP,-3.09,0.45,GRA,Cold,GRA,Arid
US-xNG,US-xDC,0.67,0.77,GRA,Cold,GRA,Cold
US-xNG,US-xDJ,-0.56,0.74,GRA,Cold,ENF,Cold
US-xNG,US-xDL,0.65,0.66,GRA,Cold,MF,Temperate
US-xNG,US-xDS,-1.0,0.19,GRA,Cold,CVM,Temperate
US-xNG,US-xGR,-0.36,0.4,GRA,Cold,DBF,Temperate
US-xNG,US-xHA,-14.52,0.05,GRA,Cold,DBF,Cold
US-xNG,US-xHE,-0.9,0.26,GRA,Cold,OSH,Cold
US-xNG,US-xJE,0.11,0.4,GRA,Cold,ENF,Temperate
US-xNG,US-xJR,-294.78,0.0,GRA,Cold,OSH,Arid
US-xNG,US-xKA,0.15,0.44,GRA,Cold,GRA,Cold
US-xNG,US-xKZ,0.67,0.68,GRA,Cold,GRA,Cold
US-xNG,US-xMB,-27.27,0.2,GRA,Cold,OSH,Arid
US-xNG,US-xML,0.46,0.72,GRA,Cold,DBF,Cold
US-xNG,US-xNG,0.88,0.88,GRA,Cold,GRA,Cold
US-xNG,US-xNQ,-14.17,0.44,GRA,Cold,OSH,Arid
US-xNG,US-xNW,-0.42,0.36,GRA,Cold,ENF,Cold
US-xNG,US-xRM,-0.15,0.7,GRA,Cold,ENF,Cold
US-xNG,US-xRN,-0.2,0.29,GRA,Cold,DBF,Temperate
US-xNG,US-xSB,-0.02,0.22,GRA,Cold,ENF,Temperate
US-xNG,US-xSC,-0.42,0.4,GRA,Cold,DBF,Cold
US-xNG,US-xSE,0.14,0.36,GRA,Cold,DBF,Temperate
US-xNG,US-xSJ,0.0,0.15,GRA,Cold,SAV,Temperate
US-xNG,US-xSL,-2.62,0.3,GRA,Cold,CRO,Arid
US-xNG,US-xSR,-2.49,0.15,GRA,Cold,OSH,Arid
US-xNG,US-xST,0.72,0.89,GRA,Cold,DBF,Cold
US-xNG,US-xTA,0.27,0.45,GRA,Cold,ENF,Temperate
US-xNG,US-xTL,-2.83,0.24,GRA,Cold,WET,Cold
US-xNG,US-xTR,0.37,0.67,GRA,Cold,DBF,Cold
US-xNG,US-xUK,0.6,0.77,GRA,Cold,DBF,Cold
US-xNG,US-xUN,0.6,0.76,GRA,Cold,MF,Cold
US-xNG,US-xWD,0.56,0.6,GRA,Cold,GRA,Cold
US-xNG,US-xWR,-0.89,0.44,GRA,Cold,ENF,Cold
US-xNG,US-xYE,0.14,0.68,GRA,Cold,ENF,Cold
US-xNQ,US-xAB,-1.95,0.3,OSH,Arid,ENF,Temperate
US-xNQ,US-xAE,0.58,0.6,OSH,Arid,GRA,Temperate
US-xNQ,US-xBL,-0.95,0.64,OSH,Arid,DBF,Cold
US-xNQ,US-xBN,-2.12,0.06,OSH,Arid,ENF,Cold
US-xNQ,US-xBR,-0.52,0.55,OSH,Arid,DBF,Cold
US-xNQ,US-xCL,-0.15,0.56,OSH,Arid,GRA,Temperate
US-xNQ,US-xCP,0.53,0.54,OSH,Arid,GRA,Arid
US-xNQ,US-xDC,-0.17,0.81,OSH,Arid,GRA,Cold
US-xNQ,US-xDJ,-1.84,0.22,OSH,Arid,ENF,Cold
US-xNQ,US-xDL,-0.46,0.67,OSH,Arid,MF,Temperate
US-xNQ,US-xDS,0.05,0.48,OSH,Arid,CVM,Temperate
US-xNQ,US-xGR,-0.84,0.65,OSH,Arid,DBF,Temperate
US-xNQ,US-xHA,-26.27,0.29,OSH,Arid,DBF,Cold
US-xNQ,US-xHE,-3.09,0.0,OSH,Arid,OSH,Cold
US-xNQ,US-xJE,-1.34,0.54,OSH,Arid,ENF,Temperate
US-xNQ,US-xJR,-9.03,0.0,OSH,Arid,OSH,Arid
US-xNQ,US-xKA,0.41,0.61,OSH,Arid,GRA,Cold
US-xNQ,US-xKZ,0.03,0.71,OSH,Arid,GRA,Cold
US-xNQ,US-xMB,-0.42,0.46,OSH,Arid,OSH,Arid
US-xNQ,US-xML,-0.65,0.64,OSH,Arid,DBF,Cold
US-xNQ,US-xNG,-0.26,0.74,OSH,Arid,GRA,Cold
US-xNQ,US-xNQ,0.74,0.74,OSH,Arid,OSH,Arid
US-xNQ,US-xNW,-3.05,0.1,OSH,Arid,ENF,Cold
US-xNQ,US-xRM,-1.91,0.28,OSH,Arid,ENF,Cold
US-xNQ,US-xRN,-1.2,0.31,OSH,Arid,DBF,Temperate
US-xNQ,US-xSB,-1.46,0.5,OSH,Arid,ENF,Temperate
US-xNQ,US-xSC,-0.68,0.61,OSH,Arid,DBF,Cold
US-xNQ,US-xSE,-0.66,0.64,OSH,Arid,DBF,Temperate
US-xNQ,US-xSJ,-1.29,0.1,OSH,Arid,SAV,Temperate
US-xNQ,US-xSL,0.6,0.68,OSH,Arid,CRO,Arid
US-xNQ,US-xSR,0.48,0.54,OSH,Arid,OSH,Arid
US-xNQ,US-xST,0.15,0.88,OSH,Arid,DBF,Cold
US-xNQ,US-xTA,-1.19,0.49,OSH,Arid,ENF,Temperate
US-xNQ,US-xTL,-6.61,0.16,OSH,Arid,WET,Cold
US-xNQ,US-xTR,-0.37,0.65,OSH,Arid,DBF,Cold
US-xNQ,US-xUK,-0.39,0.79,OSH,Arid,DBF,Cold
US-xNQ,US-xUN,-0.41,0.6,OSH,Arid,MF,Cold
US-xNQ,US-xWD,-0.27,0.61,OSH,Arid,GRA,Cold
US-xNQ,US-xWR,-2.05,0.08,OSH,Arid,ENF,Cold
US-xNQ,US-xYE,-1.21,0.55,OSH,Arid,ENF,Cold
US-xNW,US-xAB,-0.26,0.36,ENF,Cold,ENF,Temperate
US-xNW,US-xAE,-0.16,0.3,ENF,Cold,GRA,Temperate
US-xNW,US-xBL,-0.15,0.47,ENF,Cold,DBF,Cold
US-xNW,US-xBN,0.41,0.56,ENF,Cold,ENF,Cold
US-xNW,US-xBR,0.25,0.56,ENF,Cold,DBF,Cold
US-xNW,US-xCL,0.21,0.31,ENF,Cold,GRA,Temperate
US-xNW,US-xCP,-0.85,0.23,ENF,Cold,GRA,Arid
US-xNW,US-xDC,0.23,0.57,ENF,Cold,GRA,Cold
US-xNW,US-xDJ,0.44,0.58,ENF,Cold,ENF,Cold
US-xNW,US-xDL,0.28,0.58,ENF,Cold,MF,Temperate
US-xNW,US-xDS,0.2,0.22,ENF,Cold,CVM,Temperate
US-xNW,US-xGR,-0.63,0.57,ENF,Cold,DBF,Temperate
US-xNW,US-xHA,-21.6,0.28,ENF,Cold,DBF,Cold
US-xNW,US-xHE,0.58,0.63,ENF,Cold,OSH,Cold
US-xNW,US-xJE,-0.06,0.33,ENF,Cold,ENF,Temperate
US-xNW,US-xJR,-407.06,0.07,ENF,Cold,OSH,Arid
US-xNW,US-xKA,0.46,0.55,ENF,Cold,GRA,Cold
US-xNW,US-xKZ,0.34,0.44,ENF,Cold,GRA,Cold
US-xNW,US-xMB,-18.76,0.17,ENF,Cold,OSH,Arid
US-xNW,US-xML,0.22,0.64,ENF,Cold,DBF,Cold
US-xNW,US-xNG,0.45,0.51,ENF,Cold,GRA,Cold
US-xNW,US-xNQ,-12.81,0.16,ENF,Cold,OSH,Arid
US-xNW,US-xNW,0.95,0.95,ENF,Cold,ENF,Cold
US-xNW,US-xRM,0.08,0.51,ENF,Cold,ENF,Cold
US-xNW,US-xRN,0.1,0.33,ENF,Cold,DBF,Temperate
US-xNW,US-xSB,0.24,0.29,ENF,Cold,ENF,Temperate
US-xNW,US-xSC,-0.24,0.36,ENF,Cold,DBF,Cold
US-xNW,US-xSE,-0.4,0.52,ENF,Cold,DBF,Temperate
US-xNW,US-xSJ,-0.06,0.01,ENF,Cold,SAV,Temperate
US-xNW,US-xSL,-1.18,0.44,ENF,Cold,CRO,Arid
US-xNW,US-xSR,-4.22,0.26,ENF,Cold,OSH,Arid
US-xNW,US-xST,0.39,0.74,ENF,Cold,DBF,Cold
US-xNW,US-xTA,-0.17,0.35,ENF,Cold,ENF,Temperate
US-xNW,US-xTL,-1.43,0.59,ENF,Cold,WET,Cold
US-xNW,US-xTR,0.14,0.51,ENF,Cold,DBF,Cold
US-xNW,US-xUK,0.12,0.56,ENF,Cold,DBF,Cold
US-xNW,US-xUN,0.73,0.83,ENF,Cold,MF,Cold
US-xNW,US-xWD,0.37,0.49,ENF,Cold,GRA,Cold
US-xNW,US-xWR,-0.17,0.5,ENF,Cold,ENF,Cold
US-xNW,US-xYE,0.03,0.39,ENF,Cold,ENF,Cold
US-xRM,US-xAB,0.15,0.39,ENF,Cold,ENF,Temperate
US-xRM,US-xAE,-2.45,0.35,ENF,Cold,GRA,Temperate
US-xRM,US-xBL,0.26,0.32,ENF,Cold,DBF,Cold
US-xRM,US-xBN,-1.16,0.04,ENF,Cold,ENF,Cold
US-xRM,US-xBR,0.5,0.6,ENF,Cold,DBF,Cold
US-xRM,US-xCL,-0.46,0.23,ENF,Cold,GRA,Temperate
US-xRM,US-xCP,-4.53,0.43,ENF,Cold,GRA,Arid
US-xRM,US-xDC,0.65,0.7,ENF,Cold,GRA,Cold
US-xRM,US-xDJ,0.59,0.71,ENF,Cold,ENF,Cold
US-xRM,US-xDL,-0.09,0.01,ENF,Cold,MF,Temperate
US-xRM,US-xDS,-0.87,0.03,ENF,Cold,CVM,Temperate
US-xRM,US-xGR,-0.35,0.08,ENF,Cold,DBF,Temperate
US-xRM,US-xHA,-18.53,0.04,ENF,Cold,DBF,Cold
US-xRM,US-xHE,-2.9,0.01,ENF,Cold,OSH,Cold
US-xRM,US-xJE,-0.66,0.02,ENF,Cold,ENF,Temperate
US-xRM,US-xJR,-291.79,0.0,ENF,Cold,OSH,Arid
US-xRM,US-xKA,-0.3,0.22,ENF,Cold,GRA,Cold
US-xRM,US-xKZ,0.17,0.2,ENF,Cold,GRA,Cold
US-xRM,US-xMB,-41.18,0.08,ENF,Cold,OSH,Arid
US-xRM,US-xML,0.42,0.46,ENF,Cold,DBF,Cold
US-xRM,US-xNG,0.55,0.57,ENF,Cold,GRA,Cold
US-xRM,US-xNQ,-30.13,0.34,ENF,Cold,OSH,Arid
US-xRM,US-xNW,-1.01,0.21,ENF,Cold,ENF,Cold
US-xRM,US-xRM,0.93,0.93,ENF,Cold,ENF,Cold
US-xRM,US-xRN,-0.56,0.01,ENF,Cold,DBF,Temperate
US-xRM,US-xSB,-1.36,0.01,ENF,Cold,ENF,Temperate
US-xRM,US-xSC,0.0,0.18,ENF,Cold,DBF,Cold
US-xRM,US-xSE,0.13,0.24,ENF,Cold,DBF,Temperate
US-xRM,US-xSJ,0.02,0.29,ENF,Cold,SAV,Temperate
US-xRM,US-xSL,-6.42,0.21,ENF,Cold,CRO,Arid
US-xRM,US-xSR,-2.39,0.02,ENF,Cold,OSH,Arid
US-xRM,US-xST,0.73,0.77,ENF,Cold,DBF,Cold
US-xRM,US-xTA,-0.25,0.03,ENF,Cold,ENF,Temperate
US-xRM,US-xTL,-0.95,0.4,ENF,Cold,WET,Cold
US-xRM,US-xTR,0.42,0.51,ENF,Cold,DBF,Cold
US-xRM,US-xUK,0.32,0.37,ENF,Cold,DBF,Cold
US-xRM,US-xUN,0.59,0.61,ENF,Cold,MF,Cold
US-xRM,US-xWD,0.33,0.45,ENF,Cold,GRA,Cold
US-xRM,US-xWR,-0.65,0.14,ENF,Cold,ENF,Cold
US-xRM,US-xYE,0.52,0.55,ENF,Cold,ENF,Cold
US-xRN,US-xAB,-0.72,0.17,DBF,Temperate,ENF,Temperate
US-xRN,US-xAE,-7.53,0.0,DBF,Temperate,GRA,Temperate
US-xRN,US-xBL,-1.52,0.18,DBF,Temperate,DBF,Cold
US-xRN,US-xBN,0.07,0.16,DBF,Temperate,ENF,Cold
US-xRN,US-xBR,-0.17,0.18,DBF,Temperate,DBF,Cold
US-xRN,US-xCL,-2.95,0.0,DBF,Temperate,GRA,Temperate
US-xRN,US-xCP,-17.39,0.02,DBF,Temperate,GRA,Arid
US-xRN,US-xDC,-0.2,0.17,DBF,Temperate,GRA,Cold
US-xRN,US-xDJ,-1.52,0.0,DBF,Temperate,ENF,Cold
US-xRN,US-xDL,-0.45,0.27,DBF,Temperate,MF,Temperate
US-xRN,US-xDS,-7.34,0.0,DBF,Temperate,CVM,Temperate
US-xRN,US-xGR,-1.97,0.02,DBF,Temperate,DBF,Temperate
US-xRN,US-xHA,-48.61,0.06,DBF,Temperate,DBF,Cold
US-xRN,US-xHE,-1.32,0.0,DBF,Temperate,OSH,Cold
US-xRN,US-xJE,-1.16,0.07,DBF,Temperate,ENF,Temperate
US-xRN,US-xJR,-1959.83,0.0,DBF,Temperate,OSH,Arid
US-xRN,US-xKA,-1.33,0.09,DBF,Temperate,GRA,Cold
US-xRN,US-xKZ,-0.5,0.13,DBF,Temperate,GRA,Cold
US-xRN,US-xMB,-154.95,0.26,DBF,Temperate,OSH,Arid
US-xRN,US-xML,0.25,0.49,DBF,Temperate,DBF,Cold
US-xRN,US-xNG,-0.63,0.43,DBF,Temperate,GRA,Cold
US-xRN,US-xNQ,-69.01,0.0,DBF,Temperate,OSH,Arid
US-xRN,US-xNW,-1.18,0.18,DBF,Temperate,ENF,Cold
US-xRN,US-xRM,-0.61,0.08,DBF,Temperate,ENF,Cold
US-xRN,US-xRN,0.57,0.57,DBF,Temperate,DBF,Temperate
US-xRN,US-xSB,-2.98,0.01,DBF,Temperate,ENF,Temperate
US-xRN,US-xSC,-3.3,0.05,DBF,Temperate,DBF,Cold
US-xRN,US-xSE,-2.64,0.01,DBF,Temperate,DBF,Temperate
US-xRN,US-xSJ,-0.25,0.15,DBF,Temperate,SAV,Temperate
US-xRN,US-xSL,-3.85,0.1,DBF,Temperate,CRO,Arid
US-xRN,US-xSR,-19.74,0.06,DBF,Temperate,OSH,Arid
US-xRN,US-xST,-0.52,0.09,DBF,Temperate,DBF,Cold
US-xRN,US-xTA,-0.55,0.1,DBF,Temperate,ENF,Temperate
US-xRN,US-xTL,-1.53,0.11,DBF,Temperate,WET,Cold
US-xRN,US-xTR,-0.43,0.12,DBF,Temperate,DBF,Cold
US-xRN,US-xUK,-0.44,0.19,DBF,Temperate,DBF,Cold
US-xRN,US-xUN,0.69,0.72,DBF,Temperate,MF,Cold
US-xRN,US-xWD,-0.44,0.29,DBF,Temperate,GRA,Cold
US-xRN,US-xWR,0.1,0.36,DBF,Temperate,ENF,Cold
US-xRN,US-xYE,-1.22,0.04,DBF,Temperate,ENF,Cold
US-xSB,US-xAB,-0.49,0.52,ENF,Temperate,ENF,Temperate
US-xSB,US-xAE,-2.57,0.5,ENF,Temperate,GRA,Temperate
US-xSB,US-xBL,0.15,0.71,ENF,Temperate,DBF,Cold
US-xSB,US-xBN,-0.05,0.44,ENF,Temperate,ENF,Cold
US-xSB,US-xBR,0.19,0.66,ENF,Temperate,DBF,Cold
US-xSB,US-xCL,0.15,0.32,ENF,Temperate,GRA,Temperate
US-xSB,US-xCP,-3.94,0.2,ENF,Temperate,GRA,Arid
US-xSB,US-xDC,0.31,0.68,ENF,Temperate,GRA,Cold
US-xSB,US-xDJ,0.2,0.62,ENF,Temperate,ENF,Cold
US-xSB,US-xDL,0.52,0.75,ENF,Temperate,MF,Temperate
US-xSB,US-xDS,-0.03,0.61,ENF,Temperate,CVM,Temperate
US-xSB,US-xGR,-0.34,0.57,ENF,Temperate,DBF,Temperate
US-xSB,US-xHA,-19.38,0.21,ENF,Temperate,DBF,Cold
US-xSB,US-xHE,0.34,0.44,ENF,Temperate,OSH,Cold
US-xSB,US-xJE,0.4,0.68,ENF,Temperate,ENF,Temperate
US-xSB,US-xJR,-1446.26,0.0,ENF,Temperate,OSH,Arid
US-xSB,US-xKA,0.52,0.63,ENF,Temperate,GRA,Cold
US-xSB,US-xKZ,0.64,0.72,ENF,Temperate,GRA,Cold
US-xSB,US-xMB,-75.75,0.19,ENF,Temperate,OSH,Arid
US-xSB,US-xML,-0.04,0.6,ENF,Temperate,DBF,Cold
US-xSB,US-xNG,0.45,0.53,ENF,Temperate,GRA,Cold
US-xSB,US-xNQ,-33.13,0.09,ENF,Temperate,OSH,Arid
US-xSB,US-xNW,0.43,0.64,ENF,Temperate,ENF,Cold
US-xSB,US-xRM,-0.0,0.42,ENF,Temperate,ENF,Cold
US-xSB,US-xRN,-0.11,0.41,ENF,Temperate,DBF,Temperate
US-xSB,US-xSB,0.9,0.9,ENF,Temperate,ENF,Temperate
US-xSB,US-xSC,0.16,0.55,ENF,Temperate,DBF,Cold
US-xSB,US-xSE,0.15,0.66,ENF,Temperate,DBF,Temperate
US-xSB,US-xSJ,-2.0,0.17,ENF,Temperate,SAV,Temperate
US-xSB,US-xSL,-4.27,0.56,ENF,Temperate,CRO,Arid
US-xSB,US-xSR,-20.95,0.15,ENF,Temperate,OSH,Arid
US-xSB,US-xST,0.55,0.84,ENF,Temperate,DBF,Cold
US-xSB,US-xTA,0.01,0.58,ENF,Temperate,ENF,Temperate
US-xSB,US-xTL,0.46,0.57,ENF,Temperate,WET,Cold
US-xSB,US-xTR,0.18,0.7,ENF,Temperate,DBF,Cold
US-xSB,US-xUK,0.37,0.79,ENF,Temperate,DBF,Cold
US-xSB,US-xUN,0.46,0.82,ENF,Temperate,MF,Cold
US-xSB,US-xWD,0.4,0.54,ENF,Temperate,GRA,Cold
US-xSB,US-xWR,-0.59,0.63,ENF,Temperate,ENF,Cold
US-xSB,US-xYE,0.04,0.44,ENF,Temperate,ENF,Cold
US-xSC,US-xAB,-0.43,0.36,DBF,Cold,ENF,Temperate
US-xSC,US-xAE,-3.4,0.56,DBF,Cold,GRA,Temperate
US-xSC,US-xBL,0.06,0.32,DBF,Cold,DBF,Cold
US-xSC,US-xBN,-0.98,0.03,DBF,Cold,ENF,Cold
US-xSC,US-xBR,0.3,0.5,DBF,Cold,DBF,Cold
US-xSC,US-xCL,0.11,0.55,DBF,Cold,GRA,Temperate
US-xSC,US-xCP,-1.68,0.37,DBF,Cold,GRA,Arid
US-xSC,US-xDC,0.56,0.71,DBF,Cold,GRA,Cold
US-xSC,US-xDJ,0.23,0.46,DBF,Cold,ENF,Cold
US-xSC,US-xDL,-0.18,0.06,DBF,Cold,MF,Temperate
US-xSC,US-xDS,-3.99,0.08,DBF,Cold,CVM,Temperate
US-xSC,US-xGR,0.36,0.69,DBF,Cold,DBF,Temperate
US-xSC,US-xHA,-11.64,0.01,DBF,Cold,DBF,Cold
US-xSC,US-xHE,-2.06,0.04,DBF,Cold,OSH,Cold
US-xSC,US-xJE,-1.35,0.05,DBF,Cold,ENF,Temperate
US-xSC,US-xJR,-57.29,0.0,DBF,Cold,OSH,Arid
US-xSC,US-xKA,-0.73,0.36,DBF,Cold,GRA,Cold
US-xSC,US-xKZ,0.17,0.26,DBF,Cold,GRA,Cold
US-xSC,US-xMB,-11.63,0.0,DBF,Cold,OSH,Arid
US-xSC,US-xML,0.18,0.39,DBF,Cold,DBF,Cold
US-xSC,US-xNG,0.18,0.35,DBF,Cold,GRA,Cold
US-xSC,US-xNQ,-11.66,0.21,DBF,Cold,OSH,Arid
US-xSC,US-xNW,-0.53,0.23,DBF,Cold,ENF,Cold
US-xSC,US-xRM,0.54,0.62,DBF,Cold,ENF,Cold
US-xSC,US-xRN,-1.21,0.0,DBF,Cold,DBF,Temperate
US-xSC,US-xSB,-3.03,0.09,DBF,Cold,ENF,Temperate
US-xSC,US-xSC,0.79,0.79,DBF,Cold,DBF,Cold
US-xSC,US-xSE,0.65,0.66,DBF,Cold,DBF,Temperate
US-xSC,US-xSJ,-0.89,0.23,DBF,Cold,SAV,Temperate
US-xSC,US-xSL,-13.81,0.67,DBF,Cold,CRO,Arid
US-xSC,US-xSR,-0.9,0.03,DBF,Cold,OSH,Arid
US-xSC,US-xST,0.81,0.86,DBF,Cold,DBF,Cold
US-xSC,US-xTA,-0.64,0.13,DBF,Cold,ENF,Temperate
US-xSC,US-xTL,-0.5,0.3,DBF,Cold,WET,Cold
US-xSC,US-xTR,0.33,0.54,DBF,Cold,DBF,Cold
US-xSC,US-xUK,0.28,0.41,DBF,Cold,DBF,Cold
US-xSC,US-xUN,0.22,0.48,DBF,Cold,MF,Cold
US-xSC,US-xWD,0.29,0.33,DBF,Cold,GRA,Cold
US-xSC,US-xWR,-1.21,0.1,DBF,Cold,ENF,Cold
US-xSC,US-xYE,0.31,0.49,DBF,Cold,ENF,Cold
US-xSE,US-xAB,0.02,0.44,DBF,Temperate,ENF,Temperate
US-xSE,US-xAE,-8.53,0.32,DBF,Temperate,GRA,Temperate
US-xSE,US-xBL,0.55,0.64,DBF,Temperate,DBF,Cold
US-xSE,US-xBN,-0.06,0.39,DBF,Temperate,ENF,Cold
US-xSE,US-xBR,0.62,0.71,DBF,Temperate,DBF,Cold
US-xSE,US-xCL,-2.02,0.37,DBF,Temperate,GRA,Temperate
US-xSE,US-xCP,-20.34,0.17,DBF,Temperate,GRA,Arid
US-xSE,US-xDC,0.62,0.64,DBF,Temperate,GRA,Cold
US-xSE,US-xDJ,0.53,0.64,DBF,Temperate,ENF,Cold
US-xSE,US-xDL,0.56,0.64,DBF,Temperate,MF,Temperate
US-xSE,US-xDS,-4.09,0.03,DBF,Temperate,CVM,Temperate
US-xSE,US-xGR,0.26,0.67,DBF,Temperate,DBF,Temperate
US-xSE,US-xHA,-10.37,0.1,DBF,Temperate,DBF,Cold
US-xSE,US-xHE,-9.58,0.47,DBF,Temperate,OSH,Cold
US-xSE,US-xJE,0.06,0.32,DBF,Temperate,ENF,Temperate
US-xSE,US-xJR,-7085.13,0.0,DBF,Temperate,OSH,Arid
US-xSE,US-xKA,-0.86,0.54,DBF,Temperate,GRA,Cold
US-xSE,US-xKZ,0.15,0.51,DBF,Temperate,GRA,Cold
US-xSE,US-xMB,-334.87,0.19,DBF,Temperate,OSH,Arid
US-xSE,US-xML,0.5,0.67,DBF,Temperate,DBF,Cold
US-xSE,US-xNG,-0.08,0.52,DBF,Temperate,GRA,Cold
US-xSE,US-xNQ,-155.16,0.06,DBF,Temperate,OSH,Arid
US-xSE,US-xNW,-2.17,0.48,DBF,Temperate,ENF,Cold
US-xSE,US-xRM,0.31,0.48,DBF,Temperate,ENF,Cold
US-xSE,US-xRN,0.31,0.37,DBF,Temperate,DBF,Temperate
US-xSE,US-xSB,-2.92,0.2,DBF,Temperate,ENF,Temperate
US-xSE,US-xSC,0.3,0.42,DBF,Temperate,DBF,Cold
US-xSE,US-xSE,0.86,0.86,DBF,Temperate,DBF,Temperate
US-xSE,US-xSJ,-10.66,0.18,DBF,Temperate,SAV,Temperate
US-xSE,US-xSL,-9.79,0.44,DBF,Temperate,CRO,Arid
US-xSE,US-xSR,-106.91,0.07,DBF,Temperate,OSH,Arid
US-xSE,US-xST,0.81,0.83,DBF,Temperate,DBF,Cold
US-xSE,US-xTA,0.39,0.41,DBF,Temperate,ENF,Temperate
US-xSE,US-xTL,-1.69,0.57,DBF,Temperate,WET,Cold
US-xSE,US-xTR,0.62,0.68,DBF,Temperate,DBF,Cold
US-xSE,US-xUK,0.68,0.69,DBF,Temperate,DBF,Cold
US-xSE,US-xUN,0.82,0.86,DBF,Temperate,MF,Cold
US-xSE,US-xWD,0.36,0.56,DBF,Temperate,GRA,Cold
US-xSE,US-xWR,0.3,0.58,DBF,Temperate,ENF,Cold
US-xSE,US-xYE,0.13,0.35,DBF,Temperate,ENF,Cold
US-xSJ,US-xAB,-3.27,0.0,SAV,Temperate,ENF,Temperate
US-xSJ,US-xAE,-15.8,0.22,SAV,Temperate,GRA,Temperate
US-xSJ,US-xBL,-0.71,0.39,SAV,Temperate,DBF,Cold
US-xSJ,US-xBN,-0.97,0.14,SAV,Temperate,ENF,Cold
US-xSJ,US-xBR,-2.64,0.02,SAV,Temperate,DBF,Cold
US-xSJ,US-xCL,-4.86,0.16,SAV,Temperate,GRA,Temperate
US-xSJ,US-xCP,-19.67,0.05,SAV,Temperate,GRA,Arid
US-xSJ,US-xDC,-0.72,0.19,SAV,Temperate,GRA,Cold
US-xSJ,US-xDJ,-2.29,0.03,SAV,Temperate,ENF,Cold
US-xSJ,US-xDL,-3.71,0.54,SAV,Temperate,MF,Temperate
US-xSJ,US-xDS,-23.29,0.16,SAV,Temperate,CVM,Temperate
US-xSJ,US-xGR,-0.66,0.24,SAV,Temperate,DBF,Temperate
US-xSJ,US-xHA,-13.1,0.11,SAV,Temperate,DBF,Cold
US-xSJ,US-xHE,-7.08,0.01,SAV,Temperate,OSH,Cold
US-xSJ,US-xJE,-3.19,0.26,SAV,Temperate,ENF,Temperate
US-xSJ,US-xJR,-949.41,0.04,SAV,Temperate,OSH,Arid
US-xSJ,US-xKA,-2.1,0.35,SAV,Temperate,GRA,Cold
US-xSJ,US-xKZ,-1.08,0.35,SAV,Temperate,GRA,Cold
US-xSJ,US-xMB,-221.8,0.0,SAV,Temperate,OSH,Arid
US-xSJ,US-xML,0.21,0.5,SAV,Temperate,DBF,Cold
US-xSJ,US-xNG,-5.02,0.16,SAV,Temperate,GRA,Cold
US-xSJ,US-xNQ,-188.67,0.0,SAV,Temperate,OSH,Arid
US-xSJ,US-xNW,-0.95,0.19,SAV,Temperate,ENF,Cold
US-xSJ,US-xRM,-3.61,0.04,SAV,Temperate,ENF,Cold
US-xSJ,US-xRN,-0.32,0.24,SAV,Temperate,DBF,Temperate
US-xSJ,US-xSB,-9.62,0.11,SAV,Temperate,ENF,Temperate
US-xSJ,US-xSC,-2.38,0.31,SAV,Temperate,DBF,Cold
US-xSJ,US-xSE,-0.16,0.23,SAV,Temperate,DBF,Temperate
US-xSJ,US-xSJ,0.69,0.69,SAV,Temperate,SAV,Temperate
US-xSJ,US-xSL,-19.32,0.01,SAV,Temperate,CRO,Arid
US-xSJ,US-xSR,-12.7,0.08,SAV,Temperate,OSH,Arid
US-xSJ,US-xST,-1.97,0.04,SAV,Temperate,DBF,Cold
US-xSJ,US-xTA,-1.1,0.36,SAV,Temperate,ENF,Temperate
US-xSJ,US-xTL,-0.64,0.24,SAV,Temperate,WET,Cold
US-xSJ,US-xTR,-0.86,0.08,SAV,Temperate,DBF,Cold
US-xSJ,US-xUK,0.06,0.48,SAV,Temperate,DBF,Cold
US-xSJ,US-xUN,-4.59,0.09,SAV,Temperate,MF,Cold
US-xSJ,US-xWD,-1.37,0.34,SAV,Temperate,GRA,Cold
US-xSJ,US-xWR,-0.48,0.03,SAV,Temperate,ENF,Cold
US-xSJ,US-xYE,-1.5,0.06,SAV,Temperate,ENF,Cold
US-xSL,US-xAB,-2.86,0.01,CRO,Arid,ENF,Temperate
US-xSL,US-xAE,0.43,0.54,CRO,Arid,GRA,Temperate
US-xSL,US-xBL,-1.49,0.47,CRO,Arid,DBF,Cold
US-xSL,US-xBN,-3.24,0.1,CRO,Arid,ENF,Cold
US-xSL,US-xBR,-0.94,0.22,CRO,Arid,DBF,Cold
US-xSL,US-xCL,-0.53,0.57,CRO,Arid,GRA,Temperate
US-xSL,US-xCP,-0.09,0.42,CRO,Arid,GRA,Arid
US-xSL,US-xDC,-0.49,0.55,CRO,Arid,GRA,Cold
US-xSL,US-xDJ,-3.18,0.01,CRO,Arid,ENF,Cold
US-xSL,US-xDL,-0.85,0.55,CRO,Arid,MF,Temperate
US-xSL,US-xDS,-0.63,0.47,CRO,Arid,CVM,Temperate
US-xSL,US-xGR,-1.08,0.61,CRO,Arid,DBF,Temperate
US-xSL,US-xHA,-31.35,0.14,CRO,Arid,DBF,Cold
US-xSL,US-xHE,-5.93,0.32,CRO,Arid,OSH,Cold
US-xSL,US-xJE,-1.92,0.51,CRO,Arid,ENF,Temperate
US-xSL,US-xJR,-45.93,0.0,CRO,Arid,OSH,Arid
US-xSL,US-xKA,0.16,0.5,CRO,Arid,GRA,Cold
US-xSL,US-xKZ,-0.28,0.52,CRO,Arid,GRA,Cold
US-xSL,US-xMB,-3.42,0.0,CRO,Arid,OSH,Arid
US-xSL,US-xML,-1.49,0.18,CRO,Arid,DBF,Cold
US-xSL,US-xNG,-1.17,0.31,CRO,Arid,GRA,Cold
US-xSL,US-xNQ,-1.75,0.13,CRO,Arid,OSH,Arid
US-xSL,US-xNW,-5.45,0.02,CRO,Arid,ENF,Cold
US-xSL,US-xRM,-2.67,0.19,CRO,Arid,ENF,Cold
US-xSL,US-xRN,-1.82,0.13,CRO,Arid,DBF,Temperate
US-xSL,US-xSB,-2.52,0.51,CRO,Arid,ENF,Temperate
US-xSL,US-xSC,-1.08,0.55,CRO,Arid,DBF,Cold
US-xSL,US-xSE,-0.92,0.68,CRO,Arid,DBF,Temperate
US-xSL,US-xSJ,-2.3,0.0,CRO,Arid,SAV,Temperate
US-xSL,US-xSL,0.88,0.88,CRO,Arid,CRO,Arid
US-xSL,US-xSR,-1.07,0.45,CRO,Arid,OSH,Arid
US-xSL,US-xST,0.01,0.78,CRO,Arid,DBF,Cold
US-xSL,US-xTA,-1.72,0.38,CRO,Arid,ENF,Temperate
US-xSL,US-xTL,-13.15,0.09,CRO,Arid,WET,Cold
US-xSL,US-xTR,-0.75,0.32,CRO,Arid,DBF,Cold
US-xSL,US-xUK,-0.7,0.57,CRO,Arid,DBF,Cold
US-xSL,US-xUN,-1.19,0.03,CRO,Arid,MF,Cold
US-xSL,US-xWD,-1.02,0.27,CRO,Arid,GRA,Cold
US-xSL,US-xWR,-2.76,0.04,CRO,Arid,ENF,Cold
US-xSL,US-xYE,-1.87,0.19,CRO,Arid,ENF,Cold
US-xSR,US-xAB,-2.81,0.19,OSH,Arid,ENF,Temperate
US-xSR,US-xAE,-0.35,0.25,OSH,Arid,GRA,Temperate
US-xSR,US-xBL,-2.36,0.55,OSH,Arid,DBF,Cold
US-xSR,US-xBN,-1.37,0.33,OSH,Arid,ENF,Cold
US-xSR,US-xBR,-1.08,0.29,OSH,Arid,DBF,Cold
US-xSR,US-xCL,-2.04,0.24,OSH,Arid,GRA,Temperate
US-xSR,US-xCP,-0.27,0.08,OSH,Arid,GRA,Arid
US-xSR,US-xDC,-0.88,0.35,OSH,Arid,GRA,Cold
US-xSR,US-xDJ,-3.41,0.08,OSH,Arid,ENF,Cold
US-xSR,US-xDL,-1.06,0.67,OSH,Arid,MF,Temperate
US-xSR,US-xDS,-1.67,0.4,OSH,Arid,CVM,Temperate
US-xSR,US-xGR,-1.84,0.59,OSH,Arid,DBF,Temperate
US-xSR,US-xHA,-48.62,0.11,OSH,Arid,DBF,Cold
US-xSR,US-xHE,-1.01,0.38,OSH,Arid,OSH,Cold
US-xSR,US-xJE,-1.76,0.53,OSH,Arid,ENF,Temperate
US-xSR,US-xJR,-7.81,0.06,OSH,Arid,OSH,Arid
US-xSR,US-xKA,-0.48,0.56,OSH,Arid,GRA,Cold
US-xSR,US-xKZ,-0.51,0.53,OSH,Arid,GRA,Cold
US-xSR,US-xMB,-0.43,0.36,OSH,Arid,OSH,Arid
US-xSR,US-xML,-1.52,0.47,OSH,Arid,DBF,Cold
US-xSR,US-xNG,-0.73,0.4,OSH,Arid,GRA,Cold
US-xSR,US-xNQ,-1.49,0.0,OSH,Arid,OSH,Arid
US-xSR,US-xNW,-3.2,0.09,OSH,Arid,ENF,Cold
US-xSR,US-xRM,-2.92,0.01,OSH,Arid,ENF,Cold
US-xSR,US-xRN,-1.08,0.31,OSH,Arid,DBF,Temperate
US-xSR,US-xSB,-1.89,0.56,OSH,Arid,ENF,Temperate
US-xSR,US-xSC,-3.42,0.55,OSH,Arid,DBF,Cold
US-xSR,US-xSE,-2.43,0.48,OSH,Arid,DBF,Temperate
US-xSR,US-xSJ,-1.19,0.05,OSH,Arid,SAV,Temperate
US-xSR,US-xSL,-1.86,0.19,OSH,Arid,CRO,Arid
US-xSR,US-xSR,0.82,0.82,OSH,Arid,OSH,Arid
US-xSR,US-xST,-0.86,0.28,OSH,Arid,DBF,Cold
US-xSR,US-xTA,-1.61,0.46,OSH,Arid,ENF,Temperate
US-xSR,US-xTL,-3.97,0.39,OSH,Arid,WET,Cold
US-xSR,US-xTR,-1.07,0.32,OSH,Arid,DBF,Cold
US-xSR,US-xUK,-1.07,0.55,OSH,Arid,DBF,Cold
US-xSR,US-xUN,-0.59,0.57,OSH,Arid,MF,Cold
US-xSR,US-xWD,-1.41,0.4,OSH,Arid,GRA,Cold
US-xSR,US-xWR,-1.89,0.53,OSH,Arid,ENF,Cold
US-xSR,US-xYE,-2.59,0.02,OSH,Arid,ENF,Cold
US-xST,US-xAB,0.08,0.56,DBF,Cold,ENF,Temperate
US-xST,US-xAE,-11.39,0.51,DBF,Cold,GRA,Temperate
US-xST,US-xBL,0.74,0.76,DBF,Cold,DBF,Cold
US-xST,US-xBN,0.14,0.47,DBF,Cold,ENF,Cold
US-xST,US-xBR,0.62,0.72,DBF,Cold,DBF,Cold
US-xST,US-xCL,-2.21,0.46,DBF,Cold,GRA,Temperate
US-xST,US-xCP,-13.59,0.35,DBF,Cold,GRA,Arid
US-xST,US-xDC,0.8,0.81,DBF,Cold,GRA,Cold
US-xST,US-xDJ,0.25,0.67,DBF,Cold,ENF,Cold
US-xST,US-xDL,0.52,0.83,DBF,Cold,MF,Temperate
US-xST,US-xDS,-5.81,0.56,DBF,Cold,CVM,Temperate
US-xST,US-xGR,0.4,0.67,DBF,Cold,DBF,Temperate
US-xST,US-xHA,-2.5,0.13,DBF,Cold,DBF,Cold
US-xST,US-xHE,-0.77,0.48,DBF,Cold,OSH,Cold
US-xST,US-xJE,0.59,0.67,DBF,Cold,ENF,Temperate
US-xST,US-xJR,-3162.98,0.0,DBF,Cold,OSH,Arid
US-xST,US-xKA,-1.16,0.64,DBF,Cold,GRA,Cold
US-xST,US-xKZ,0.51,0.77,DBF,Cold,GRA,Cold
US-xST,US-xMB,-180.28,0.24,DBF,Cold,OSH,Arid
US-xST,US-xML,0.64,0.7,DBF,Cold,DBF,Cold
US-xST,US-xNG,0.51,0.72,DBF,Cold,GRA,Cold
US-xST,US-xNQ,-75.91,0.18,DBF,Cold,OSH,Arid
US-xST,US-xNW,0.1,0.49,DBF,Cold,ENF,Cold
US-xST,US-xRM,0.25,0.54,DBF,Cold,ENF,Cold
US-xST,US-xRN,0.35,0.43,DBF,Cold,DBF,Temperate
US-xST,US-xSB,-1.01,0.76,DBF,Cold,ENF,Temperate
US-xST,US-xSC,0.6,0.65,DBF,Cold,DBF,Cold
US-xST,US-xSE,0.57,0.62,DBF,Cold,DBF,Temperate
US-xST,US-xSJ,-4.35,0.16,DBF,Cold,SAV,Temperate
US-xST,US-xSL,-14.08,0.58,DBF,Cold,CRO,Arid
US-xST,US-xSR,-55.66,0.18,DBF,Cold,OSH,Arid
US-xST,US-xST,0.97,0.97,DBF,Cold,DBF,Cold
US-xST,US-xTA,0.54,0.56,DBF,Cold,ENF,Temperate
US-xST,US-xTL,0.5,0.56,DBF,Cold,WET,Cold
US-xST,US-xTR,0.7,0.77,DBF,Cold,DBF,Cold
US-xST,US-xUK,0.84,0.86,DBF,Cold,DBF,Cold
US-xST,US-xUN,0.83,0.88,DBF,Cold,MF,Cold
US-xST,US-xWD,0.39,0.67,DBF,Cold,GRA,Cold
US-xST,US-xWR,-0.21,0.48,DBF,Cold,ENF,Cold
US-xST,US-xYE,0.64,0.73,DBF,Cold,ENF,Cold
US-xTA,US-xAB,-0.46,0.54,ENF,Temperate,ENF,Temperate
US-xTA,US-xAE,-9.73,0.46,ENF,Temperate,GRA,Temperate
US-xTA,US-xBL,0.38,0.67,ENF,Temperate,DBF,Cold
US-xTA,US-xBN,-0.76,0.28,ENF,Temperate,ENF,Cold
US-xTA,US-xBR,0.38,0.72,ENF,Temperate,DBF,Cold
US-xTA,US-xCL,-2.32,0.46,ENF,Temperate,GRA,Temperate
US-xTA,US-xCP,-9.36,0.27,ENF,Temperate,GRA,Arid
US-xTA,US-xDC,0.58,0.72,ENF,Temperate,GRA,Cold
US-xTA,US-xDJ,-0.3,0.6,ENF,Temperate,ENF,Cold
US-xTA,US-xDL,0.5,0.74,ENF,Temperate,MF,Temperate
US-xTA,US-xDS,-13.02,0.19,ENF,Temperate,CVM,Temperate
US-xTA,US-xGR,0.09,0.54,ENF,Temperate,DBF,Temperate
US-xTA,US-xHA,-15.9,0.04,ENF,Temperate,DBF,Cold
US-xTA,US-xHE,-3.71,0.21,ENF,Temperate,OSH,Cold
US-xTA,US-xJE,-0.33,0.18,ENF,Temperate,ENF,Temperate
US-xTA,US-xJR,-903.55,0.01,ENF,Temperate,OSH,Arid
US-xTA,US-xKA,-2.08,0.56,ENF,Temperate,GRA,Cold
US-xTA,US-xKZ,0.31,0.69,ENF,Temperate,GRA,Cold
US-xTA,US-xMB,-94.08,0.06,ENF,Temperate,OSH,Arid
US-xTA,US-xML,0.37,0.73,ENF,Temperate,DBF,Cold
US-xTA,US-xNG,0.14,0.6,ENF,Temperate,GRA,Cold
US-xTA,US-xNQ,-47.43,0.14,ENF,Temperate,OSH,Arid
US-xTA,US-xNW,-0.72,0.5,ENF,Temperate,ENF,Cold
US-xTA,US-xRM,0.05,0.53,ENF,Temperate,ENF,Cold
US-xTA,US-xRN,0.36,0.42,ENF,Temperate,DBF,Temperate
US-xTA,US-xSB,-3.91,0.05,ENF,Temperate,ENF,Temperate
US-xTA,US-xSC,0.26,0.57,ENF,Temperate,DBF,Cold
US-xTA,US-xSE,0.54,0.61,ENF,Temperate,DBF,Temperate
US-xTA,US-xSJ,-0.6,0.14,ENF,Temperate,SAV,Temperate
US-xTA,US-xSL,-22.36,0.53,ENF,Temperate,CRO,Arid
US-xTA,US-xSR,-15.39,0.04,ENF,Temperate,OSH,Arid
US-xTA,US-xST,0.54,0.9,ENF,Temperate,DBF,Cold
US-xTA,US-xTA,0.78,0.78,ENF,Temperate,ENF,Temperate
US-xTA,US-xTL,-2.68,0.64,ENF,Temperate,WET,Cold
US-xTA,US-xTR,0.4,0.7,ENF,Temperate,DBF,Cold
US-xTA,US-xUK,0.72,0.77,ENF,Temperate,DBF,Cold
US-xTA,US-xUN,0.71,0.86,ENF,Temperate,MF,Cold
US-xTA,US-xWD,0.15,0.61,ENF,Temperate,GRA,Cold
US-xTA,US-xWR,-0.02,0.64,ENF,Temperate,ENF,Cold
US-xTA,US-xYE,-0.35,0.52,ENF,Temperate,ENF,Cold
US-xTL,US-xAB,-0.4,0.11,WET,Cold,ENF,Temperate
US-xTL,US-xAE,-1.25,0.37,WET,Cold,GRA,Temperate
US-xTL,US-xBL,-0.2,0.27,WET,Cold,DBF,Cold
US-xTL,US-xBN,0.04,0.38,WET,Cold,ENF,Cold
US-xTL,US-xBR,0.04,0.27,WET,Cold,DBF,Cold
US-xTL,US-xCL,0.19,0.22,WET,Cold,GRA,Temperate
US-xTL,US-xCP,-2.83,0.21,WET,Cold,GRA,Arid
US-xTL,US-xDC,0.12,0.41,WET,Cold,GRA,Cold
US-xTL,US-xDJ,0.05,0.15,WET,Cold,ENF,Cold
US-xTL,US-xDL,-0.14,0.07,WET,Cold,MF,Temperate
US-xTL,US-xDS,0.13,0.15,WET,Cold,CVM,Temperate
US-xTL,US-xGR,-0.39,0.29,WET,Cold,DBF,Temperate
US-xTL,US-xHA,-18.29,0.06,WET,Cold,DBF,Cold
US-xTL,US-xHE,-0.29,0.54,WET,Cold,OSH,Cold
US-xTL,US-xJE,-0.2,0.32,WET,Cold,ENF,Temperate
US-xTL,US-xJR,-1174.36,0.0,WET,Cold,OSH,Arid
US-xTL,US-xKA,0.14,0.44,WET,Cold,GRA,Cold
US-xTL,US-xKZ,0.24,0.4,WET,Cold,GRA,Cold
US-xTL,US-xMB,-53.05,0.2,WET,Cold,OSH,Arid
US-xTL,US-xML,-0.04,0.31,WET,Cold,DBF,Cold
US-xTL,US-xNG,0.3,0.48,WET,Cold,GRA,Cold
US-xTL,US-xNQ,-34.41,0.15,WET,Cold,OSH,Arid
US-xTL,US-xNW,0.11,0.28,WET,Cold,ENF,Cold
US-xTL,US-xRM,0.11,0.26,WET,Cold,ENF,Cold
US-xTL,US-xRN,-0.15,0.32,WET,Cold,DBF,Temperate
US-xTL,US-xSB,0.34,0.44,WET,Cold,ENF,Temperate
US-xTL,US-xSC,-0.09,0.0,WET,Cold,DBF,Cold
US-xTL,US-xSE,-0.22,0.23,WET,Cold,DBF,Temperate
US-xTL,US-xSJ,-0.87,0.19,WET,Cold,SAV,Temperate
US-xTL,US-xSL,-6.84,0.34,WET,Cold,CRO,Arid
US-xTL,US-xSR,-15.4,0.2,WET,Cold,OSH,Arid
US-xTL,US-xST,0.22,0.39,WET,Cold,DBF,Cold
US-xTL,US-xTA,-0.42,0.32,WET,Cold,ENF,Temperate
US-xTL,US-xTL,0.86,0.86,WET,Cold,WET,Cold
US-xTL,US-xTR,0.03,0.32,WET,Cold,DBF,Cold
US-xTL,US-xUK,0.02,0.36,WET,Cold,DBF,Cold
US-xTL,US-xUN,0.32,0.67,WET,Cold,MF,Cold
US-xTL,US-xWD,0.15,0.17,WET,Cold,GRA,Cold
US-xTL,US-xWR,-0.51,0.49,WET,Cold,ENF,Cold
US-xTL,US-xYE,0.16,0.2,WET,Cold,ENF,Cold
US-xTR,US-xAB,0.25,0.52,DBF,Cold,ENF,Temperate
US-xTR,US-xAE,-7.37,0.37,DBF,Cold,GRA,Temperate
US-xTR,US-xBL,0.43,0.55,DBF,Cold,DBF,Cold
US-xTR,US-xBN,-0.27,0.38,DBF,Cold,ENF,Cold
US-xTR,US-xBR,0.68,0.71,DBF,Cold,DBF,Cold
US-xTR,US-xCL,-2.08,0.42,DBF,Cold,GRA,Temperate
US-xTR,US-xCP,-7.75,0.33,DBF,Cold,GRA,Arid
US-xTR,US-xDC,0.79,0.79,DBF,Cold,GRA,Cold
US-xTR,US-xDJ,0.12,0.52,DBF,Cold,ENF,Cold
US-xTR,US-xDL,0.03,0.15,DBF,Cold,MF,Temperate
US-xTR,US-xDS,-2.81,0.0,DBF,Cold,CVM,Temperate
US-xTR,US-xGR,-0.17,0.07,DBF,Cold,DBF,Temperate
US-xTR,US-xHA,-3.04,0.05,DBF,Cold,DBF,Cold
US-xTR,US-xHE,-0.78,0.35,DBF,Cold,OSH,Cold
US-xTR,US-xJE,-0.39,0.0,DBF,Cold,ENF,Temperate
US-xTR,US-xJR,-1151.87,0.0,DBF,Cold,OSH,Arid
US-xTR,US-xKA,-1.01,0.29,DBF,Cold,GRA,Cold
US-xTR,US-xKZ,0.23,0.39,DBF,Cold,GRA,Cold
US-xTR,US-xMB,-71.46,0.13,DBF,Cold,OSH,Arid
US-xTR,US-xML,0.71,0.72,DBF,Cold,DBF,Cold
US-xTR,US-xNG,0.5,0.63,DBF,Cold,GRA,Cold
US-xTR,US-xNQ,-45.49,0.24,DBF,Cold,OSH,Arid
US-xTR,US-xNW,-0.82,0.38,DBF,Cold,ENF,Cold
US-xTR,US-xRM,0.32,0.58,DBF,Cold,ENF,Cold
US-xTR,US-xRN,0.3,0.39,DBF,Cold,DBF,Temperate
US-xTR,US-xSB,-1.05,0.03,DBF,Cold,ENF,Temperate
US-xTR,US-xSC,-0.25,0.1,DBF,Cold,DBF,Cold
US-xTR,US-xSE,0.2,0.34,DBF,Cold,DBF,Temperate
US-xTR,US-xSJ,-0.04,0.1,DBF,Cold,SAV,Temperate
US-xTR,US-xSL,-8.85,0.18,DBF,Cold,CRO,Arid
US-xTR,US-xSR,-11.99,0.0,DBF,Cold,OSH,Arid
US-xTR,US-xST,0.87,0.91,DBF,Cold,DBF,Cold
US-xTR,US-xTA,0.26,0.29,DBF,Cold,ENF,Temperate
US-xTR,US-xTL,-1.52,0.57,DBF,Cold,WET,Cold
US-xTR,US-xTR,0.83,0.83,DBF,Cold,DBF,Cold
US-xTR,US-xUK,0.59,0.59,DBF,Cold,DBF,Cold
US-xTR,US-xUN,0.87,0.87,DBF,Cold,MF,Cold
US-xTR,US-xWD,0.28,0.56,DBF,Cold,GRA,Cold
US-xTR,US-xWR,0.01,0.56,DBF,Cold,ENF,Cold
US-xTR,US-xYE,0.66,0.72,DBF,Cold,ENF,Cold
US-xUK,US-xAB,-0.44,0.41,DBF,Cold,ENF,Temperate
US-xUK,US-xAE,-9.56,0.58,DBF,Cold,GRA,Temperate
US-xUK,US-xBL,0.59,0.73,DBF,Cold,DBF,Cold
US-xUK,US-xBN,-0.22,0.37,DBF,Cold,ENF,Cold
US-xUK,US-xBR,0.41,0.63,DBF,Cold,DBF,Cold
US-xUK,US-xCL,-2.55,0.54,DBF,Cold,GRA,Temperate
US-xUK,US-xCP,-12.15,0.46,DBF,Cold,GRA,Arid
US-xUK,US-xDC,0.78,0.78,DBF,Cold,GRA,Cold
US-xUK,US-xDJ,-0.07,0.66,DBF,Cold,ENF,Cold
US-xUK,US-xDL,0.68,0.86,DBF,Cold,MF,Temperate
US-xUK,US-xDS,-6.44,0.28,DBF,Cold,CVM,Temperate
US-xUK,US-xGR,0.48,0.72,DBF,Cold,DBF,Temperate
US-xUK,US-xHA,-10.43,0.0,DBF,Cold,DBF,Cold
US-xUK,US-xHE,0.13,0.32,DBF,Cold,OSH,Cold
US-xUK,US-xJE,0.52,0.54,DBF,Cold,ENF,Temperate
US-xUK,US-xJR,-1497.55,0.0,DBF,Cold,OSH,Arid
US-xUK,US-xKA,-1.29,0.63,DBF,Cold,GRA,Cold
US-xUK,US-xKZ,0.58,0.81,DBF,Cold,GRA,Cold
US-xUK,US-xMB,-121.86,0.3,DBF,Cold,OSH,Arid
US-xUK,US-xML,0.39,0.59,DBF,Cold,DBF,Cold
US-xUK,US-xNG,0.48,0.7,DBF,Cold,GRA,Cold
US-xUK,US-xNQ,-47.37,0.25,DBF,Cold,OSH,Arid
US-xUK,US-xNW,0.27,0.38,DBF,Cold,ENF,Cold
US-xUK,US-xRM,0.09,0.59,DBF,Cold,ENF,Cold
US-xUK,US-xRN,0.21,0.43,DBF,Cold,DBF,Temperate
US-xUK,US-xSB,-0.62,0.38,DBF,Cold,ENF,Temperate
US-xUK,US-xSC,0.46,0.66,DBF,Cold,DBF,Cold
US-xUK,US-xSE,0.55,0.67,DBF,Cold,DBF,Temperate
US-xUK,US-xSJ,-1.17,0.07,DBF,Cold,SAV,Temperate
US-xUK,US-xSL,-23.94,0.61,DBF,Cold,CRO,Arid
US-xUK,US-xSR,-19.52,0.23,DBF,Cold,OSH,Arid
US-xUK,US-xST,0.87,0.88,DBF,Cold,DBF,Cold
US-xUK,US-xTA,0.58,0.59,DBF,Cold,ENF,Temperate
US-xUK,US-xTL,0.45,0.57,DBF,Cold,WET,Cold
US-xUK,US-xTR,0.6,0.69,DBF,Cold,DBF,Cold
US-xUK,US-xUK,0.94,0.94,DBF,Cold,DBF,Cold
US-xUK,US-xUN,0.58,0.78,DBF,Cold,MF,Cold
US-xUK,US-xWD,0.31,0.62,DBF,Cold,GRA,Cold
US-xUK,US-xWR,-0.6,0.44,DBF,Cold,ENF,Cold
US-xUK,US-xYE,0.31,0.54,DBF,Cold,ENF,Cold
US-xUN,US-xAB,0.37,0.62,MF,Cold,ENF,Temperate
US-xUN,US-xAE,-27.75,0.37,MF,Cold,GRA,Temperate
US-xUN,US-xBL,0.55,0.72,MF,Cold,DBF,Cold
US-xUN,US-xBN,0.11,0.39,MF,Cold,ENF,Cold
US-xUN,US-xBR,0.72,0.76,MF,Cold,DBF,Cold
US-xUN,US-xCL,-4.75,0.28,MF,Cold,GRA,Temperate
US-xUN,US-xCP,-30.64,0.25,MF,Cold,GRA,Arid
US-xUN,US-xDC,0.7,0.71,MF,Cold,GRA,Cold
US-xUN,US-xDJ,0.55,0.65,MF,Cold,ENF,Cold
US-xUN,US-xDL,-0.04,0.65,MF,Cold,MF,Temperate
US-xUN,US-xDS,-16.46,0.42,MF,Cold,CVM,Temperate
US-xUN,US-xGR,0.63,0.69,MF,Cold,DBF,Temperate
US-xUN,US-xHA,-7.87,0.0,MF,Cold,DBF,Cold
US-xUN,US-xHE,-1.87,0.3,MF,Cold,OSH,Cold
US-xUN,US-xJE,-0.19,0.68,MF,Cold,ENF,Temperate
US-xUN,US-xJR,-5402.36,0.0,MF,Cold,OSH,Arid
US-xUN,US-xKA,-3.13,0.65,MF,Cold,GRA,Cold
US-xUN,US-xKZ,0.03,0.73,MF,Cold,GRA,Cold
US-xUN,US-xMB,-365.07,0.28,MF,Cold,OSH,Arid
US-xUN,US-xML,0.68,0.69,MF,Cold,DBF,Cold
US-xUN,US-xNG,-0.25,0.58,MF,Cold,GRA,Cold
US-xUN,US-xNQ,-133.9,0.14,MF,Cold,OSH,Arid
US-xUN,US-xNW,-0.75,0.57,MF,Cold,ENF,Cold
US-xUN,US-xRM,0.53,0.64,MF,Cold,ENF,Cold
US-xUN,US-xRN,0.44,0.44,MF,Cold,DBF,Temperate
US-xUN,US-xSB,-4.25,0.68,MF,Cold,ENF,Temperate
US-xUN,US-xSC,0.32,0.7,MF,Cold,DBF,Cold
US-xUN,US-xSE,0.29,0.57,MF,Cold,DBF,Temperate
US-xUN,US-xSJ,-7.91,0.13,MF,Cold,SAV,Temperate
US-xUN,US-xSL,-37.51,0.62,MF,Cold,CRO,Arid
US-xUN,US-xSR,-110.91,0.21,MF,Cold,OSH,Arid
US-xUN,US-xST,0.91,0.91,MF,Cold,DBF,Cold
US-xUN,US-xTA,0.39,0.48,MF,Cold,ENF,Temperate
US-xUN,US-xTL,0.38,0.59,MF,Cold,WET,Cold
US-xUN,US-xTR,0.74,0.75,MF,Cold,DBF,Cold
US-xUN,US-xUK,0.73,0.76,MF,Cold,DBF,Cold
US-xUN,US-xUN,0.95,0.95,MF,Cold,MF,Cold
US-xUN,US-xWD,0.08,0.64,MF,Cold,GRA,Cold
US-xUN,US-xWR,0.23,0.63,MF,Cold,ENF,Cold
US-xUN,US-xYE,0.45,0.57,MF,Cold,ENF,Cold
US-xWD,US-xAB,-0.58,0.42,GRA,Cold,ENF,Temperate
US-xWD,US-xAE,-2.88,0.55,GRA,Cold,GRA,Temperate
US-xWD,US-xBL,0.5,0.62,GRA,Cold,DBF,Cold
US-xWD,US-xBN,-0.74,0.3,GRA,Cold,ENF,Cold
US-xWD,US-xBR,0.26,0.62,GRA,Cold,DBF,Cold
US-xWD,US-xCL,0.01,0.47,GRA,Cold,GRA,Temperate
US-xWD,US-xCP,-5.52,0.38,GRA,Cold,GRA,Arid
US-xWD,US-xDC,0.65,0.76,GRA,Cold,GRA,Cold
US-xWD,US-xDJ,-0.69,0.53,GRA,Cold,ENF,Cold
US-xWD,US-xDL,0.62,0.64,GRA,Cold,MF,Temperate
US-xWD,US-xDS,-3.66,0.19,GRA,Cold,CVM,Temperate
US-xWD,US-xGR,0.09,0.61,GRA,Cold,DBF,Temperate
US-xWD,US-xHA,-15.46,0.37,GRA,Cold,DBF,Cold
US-xWD,US-xHE,-0.49,0.21,GRA,Cold,OSH,Cold
US-xWD,US-xJE,-0.05,0.27,GRA,Cold,ENF,Temperate
US-xWD,US-xJR,-353.89,0.01,GRA,Cold,OSH,Arid
US-xWD,US-xKA,-0.14,0.57,GRA,Cold,GRA,Cold
US-xWD,US-xKZ,0.68,0.69,GRA,Cold,GRA,Cold
US-xWD,US-xMB,-43.47,0.3,GRA,Cold,OSH,Arid
US-xWD,US-xML,0.45,0.76,GRA,Cold,DBF,Cold
US-xWD,US-xNG,0.64,0.68,GRA,Cold,GRA,Cold
US-xWD,US-xNQ,-16.81,0.27,GRA,Cold,OSH,Arid
US-xWD,US-xNW,-0.03,0.32,GRA,Cold,ENF,Cold
US-xWD,US-xRM,-0.12,0.67,GRA,Cold,ENF,Cold
US-xWD,US-xRN,-0.2,0.28,GRA,Cold,DBF,Temperate
US-xWD,US-xSB,-0.9,0.09,GRA,Cold,ENF,Temperate
US-xWD,US-xSC,0.27,0.47,GRA,Cold,DBF,Cold
US-xWD,US-xSE,0.54,0.58,GRA,Cold,DBF,Temperate
US-xWD,US-xSJ,-0.05,0.24,GRA,Cold,SAV,Temperate
US-xWD,US-xSL,-5.93,0.59,GRA,Cold,CRO,Arid
US-xWD,US-xSR,-3.55,0.01,GRA,Cold,OSH,Arid
US-xWD,US-xST,0.71,0.88,GRA,Cold,DBF,Cold
US-xWD,US-xTA,0.24,0.42,GRA,Cold,ENF,Temperate
US-xWD,US-xTL,-2.23,0.15,GRA,Cold,WET,Cold
US-xWD,US-xTR,0.43,0.67,GRA,Cold,DBF,Cold
US-xWD,US-xUK,0.62,0.77,GRA,Cold,DBF,Cold
US-xWD,US-xUN,0.61,0.78,GRA,Cold,MF,Cold
US-xWD,US-xWD,0.83,0.83,GRA,Cold,GRA,Cold
US-xWD,US-xWR,-0.79,0.48,GRA,Cold,ENF,Cold
US-xWD,US-xYE,0.17,0.63,GRA,Cold,ENF,Cold
US-xWR,US-xAB,-0.18,0.42,ENF,Cold,ENF,Temperate
US-xWR,US-xAE,-23.65,0.45,ENF,Cold,GRA,Temperate
US-xWR,US-xBL,-0.37,0.47,ENF,Cold,DBF,Cold
US-xWR,US-xBN,-1.3,0.15,ENF,Cold,ENF,Cold
US-xWR,US-xBR,0.28,0.54,ENF,Cold,DBF,Cold
US-xWR,US-xCL,-6.93,0.22,ENF,Cold,GRA,Temperate
US-xWR,US-xCP,-24.81,0.33,ENF,Cold,GRA,Arid
US-xWR,US-xDC,0.15,0.52,ENF,Cold,GRA,Cold
US-xWR,US-xDJ,-2.93,0.53,ENF,Cold,ENF,Cold
US-xWR,US-xDL,-2.17,0.01,ENF,Cold,MF,Temperate
US-xWR,US-xDS,-19.21,0.03,ENF,Cold,CVM,Temperate
US-xWR,US-xGR,0.2,0.37,ENF,Cold,DBF,Temperate
US-xWR,US-xHA,-7.66,0.09,ENF,Cold,DBF,Cold
US-xWR,US-xHE,-3.66,0.09,ENF,Cold,OSH,Cold
US-xWR,US-xJE,-1.36,0.08,ENF,Cold,ENF,Temperate
US-xWR,US-xJR,-3356.38,0.0,ENF,Cold,OSH,Arid
US-xWR,US-xKA,-6.58,0.47,ENF,Cold,GRA,Cold
US-xWR,US-xKZ,-1.31,0.46,ENF,Cold,GRA,Cold
US-xWR,US-xMB,-204.58,0.14,ENF,Cold,OSH,Arid
US-xWR,US-xML,-0.11,0.3,ENF,Cold,DBF,Cold
US-xWR,US-xNG,-1.04,0.53,ENF,Cold,GRA,Cold
US-xWR,US-xNQ,-151.93,0.27,ENF,Cold,OSH,Arid
US-xWR,US-xNW,-7.14,0.29,ENF,Cold,ENF,Cold
US-xWR,US-xRM,-2.22,0.36,ENF,Cold,ENF,Cold
US-xWR,US-xRN,0.19,0.33,ENF,Cold,DBF,Temperate
US-xWR,US-xSB,-4.39,0.17,ENF,Cold,ENF,Temperate
US-xWR,US-xSC,-6.4,0.17,ENF,Cold,DBF,Cold
US-xWR,US-xSE,-1.11,0.3,ENF,Cold,DBF,Temperate
US-xWR,US-xSJ,-4.32,0.01,ENF,Cold,SAV,Temperate
US-xWR,US-xSL,-85.6,0.53,ENF,Cold,CRO,Arid
US-xWR,US-xSR,-45.25,0.09,ENF,Cold,OSH,Arid
US-xWR,US-xST,-0.28,0.55,ENF,Cold,DBF,Cold
US-xWR,US-xTA,-0.09,0.29,ENF,Cold,ENF,Temperate
US-xWR,US-xTL,-3.54,0.09,ENF,Cold,WET,Cold
US-xWR,US-xTR,0.33,0.58,ENF,Cold,DBF,Cold
US-xWR,US-xUK,-0.2,0.41,ENF,Cold,DBF,Cold
US-xWR,US-xUN,0.08,0.73,ENF,Cold,MF,Cold
US-xWR,US-xWD,-2.11,0.4,ENF,Cold,GRA,Cold
US-xWR,US-xWR,0.78,0.78,ENF,Cold,ENF,Cold
US-xWR,US-xYE,-1.02,0.47,ENF,Cold,ENF,Cold
US-xYE,US-xAB,0.32,0.48,ENF,Cold,ENF,Temperate
US-xYE,US-xAE,-12.02,0.57,ENF,Cold,GRA,Temperate
US-xYE,US-xBL,-0.0,0.47,ENF,Cold,DBF,Cold
US-xYE,US-xBN,0.0,0.38,ENF,Cold,ENF,Cold
US-xYE,US-xBR,0.62,0.63,ENF,Cold,DBF,Cold
US-xYE,US-xCL,-3.62,0.6,ENF,Cold,GRA,Temperate
US-xYE,US-xCP,-7.57,0.53,ENF,Cold,GRA,Arid
US-xYE,US-xDC,0.78,0.8,ENF,Cold,GRA,Cold
US-xYE,US-xDJ,0.31,0.52,ENF,Cold,ENF,Cold
US-xYE,US-xDL,-0.64,0.04,ENF,Cold,MF,Temperate
US-xYE,US-xDS,-20.73,0.05,ENF,Cold,CVM,Temperate
US-xYE,US-xGR,0.61,0.66,ENF,Cold,DBF,Temperate
US-xYE,US-xHA,-3.13,0.0,ENF,Cold,DBF,Cold
US-xYE,US-xHE,-0.84,0.39,ENF,Cold,OSH,Cold
US-xYE,US-xJE,-0.76,0.09,ENF,Cold,ENF,Temperate
US-xYE,US-xJR,-1399.4,0.0,ENF,Cold,OSH,Arid
US-xYE,US-xKA,-4.56,0.51,ENF,Cold,GRA,Cold
US-xYE,US-xKZ,-0.18,0.49,ENF,Cold,GRA,Cold
US-xYE,US-xMB,-65.36,0.2,ENF,Cold,OSH,Arid
US-xYE,US-xML,0.43,0.46,ENF,Cold,DBF,Cold
US-xYE,US-xNG,0.65,0.71,ENF,Cold,GRA,Cold
US-xYE,US-xNQ,-51.25,0.32,ENF,Cold,OSH,Arid
US-xYE,US-xNW,-0.42,0.36,ENF,Cold,ENF,Cold
US-xYE,US-xRM,0.48,0.58,ENF,Cold,ENF,Cold
US-xYE,US-xRN,0.17,0.35,ENF,Cold,DBF,Temperate
US-xYE,US-xSB,-2.36,0.15,ENF,Cold,ENF,Temperate
US-xYE,US-xSC,-1.52,0.7,ENF,Cold,DBF,Cold
US-xYE,US-xSE,-0.99,0.54,ENF,Cold,DBF,Temperate
US-xYE,US-xSJ,-0.61,0.02,ENF,Cold,SAV,Temperate
US-xYE,US-xSL,-38.41,0.64,ENF,Cold,CRO,Arid
US-xYE,US-xSR,-17.4,0.21,ENF,Cold,OSH,Arid
US-xYE,US-xST,0.77,0.92,ENF,Cold,DBF,Cold
US-xYE,US-xTA,0.21,0.23,ENF,Cold,ENF,Temperate
US-xYE,US-xTL,0.13,0.28,ENF,Cold,WET,Cold
US-xYE,US-xTR,0.67,0.68,ENF,Cold,DBF,Cold
US-xYE,US-xUK,0.49,0.58,ENF,Cold,DBF,Cold
US-xYE,US-xUN,0.79,0.83,ENF,Cold,MF,Cold
US-xYE,US-xWD,-0.32,0.49,ENF,Cold,GRA,Cold
US-xYE,US-xWR,-0.13,0.46,ENF,Cold,ENF,Cold
US-xYE,US-xYE,0.9,0.9,ENF,Cold,ENF,Cold
